seller_id,churn_prob
001cca7ae9ae17fb1caed9dfb1094831,0.1320754716981132
002100f778ceb8431b7a1020ff7ab48f,0.185
004c9cd9d87a3c30c522c48c4fc07416,0.016597510373443983
00720abe85ba0859807595bbf045a33b,0.10864393338620143
00d8b143d12632bad99c0ad66ad52825,0.5734265734265734
00ee68308b45bc5e2660cd833c3f81cc,0.004448398576512456
00fc707aaaad2d31347cf883cd2dfe10,0.10864393338620143
013900e863eace745d3ec7614cab5b1a,0.3
014c0679dd340a0e338872e7ec85666a,0.24326241134751772
014d9a685fd57276679edd00e07089e5,0.24326241134751772
0176f73cc1195f367f7b32db1e5b3aa8,0.10864393338620143
01c97ebb5cdac52891c0ed1c37ba0012,0.04285714285714286
01fd077212124329bac32490e8ef80d9,0.03317535545023697
01fdefa7697d26ad920e9e0346d4bd1b,0.025885558583106268
0241d4d5d36f10f80c644447315af0bd,0.004448398576512456
0249d282d911d23cb8b869ab49c99f53,0.4523364485981308
02c988090b766852e088c69d7fb3b551,0.24326241134751772
02d35243ea2e497335cd0f076b45675d,0.4012875536480687
02dcd3e8e25bee036e32512bcf175493,0.1891891891891892
02ecc2a19303f05e59ce133fd923fff7,0.06741573033707865
02f5837340d7eb4f653d676c7256523a,0.10864393338620143
02f623a8eb246f3c5f7c2f96462654e6,0.18235294117647058
034b9387752bfa309f350a70cd45ffa3,0.0
038b75b729c8a9a04b0d07cba7eabe86,0.8571428571428571
039b29ff3b3473435d0cd59040575de9,0.7727272727272727
039e6ad9dae79614493083e241147386,0.0
03a2a6dcbe45d639c4dc2a0d24769c40,0.18235294117647058
03bd479e1d9484cdb14104d3023f7321,0.4075342465753425
0417b067eeab773d2f7061a726dc477f,0.1891891891891892
04308b1ee57b6625f47df1d56f00eedf,0.10864393338620143
0432ead42b6c8a0bdf68154add917fdf,0.10864393338620143
048c2757535328e0d7dac690ad3c0aae,0.07865168539325842
04aba03279157f6d4e0fe8ccaf21963c,0.1891891891891892
04e38a233f726ef161074ab1c9b0399a,0.24326241134751772
0509040ea3fe50071181bbc359eb7738,0.004448398576512456
054694fa03fe82cec4b7551487331d74,0.18235294117647058
056b4ada5bbc2c50cc7842547dda6b51,0.025885558583106268
0570350b23eda5444f8d1d9544932058,0.18235294117647058
058cb5aeb36d7c0fcae20fc85d5e0a59,0.18235294117647058
058fd0aa2bfdb2274e05e1ae971dabb6,0.025885558583106268
05aebce0b5c8f0d41b29b686f2d05fd3,0.4523364485981308
05d2173d43ea568aa0540eba70d2ca76,0.004448398576512456
05f51e13da97139648b8125c31e5f51b,0.3949843260188088
05ff92fedb5be47920fea08e501238b9,0.10864393338620143
062c325cd6a2b87845fab56b4ec2eeae,0.4523364485981308
06579cb253ecd5a3a12a9e6eb6bf8f47,0.07865168539325842
066a6914e1ebf3ea95a216c73a986b91,0.10864393338620143
0691148aee60ca47977c187804f935ae,0.016597510373443983
06a2c3af7b3aee5d69171b0e14f0ee87,0.10864393338620143
06bb3a2fe5e7b7a845b13e8fb91bd944,0.24326241134751772
06df0c10d34e459d9672bc77388742eb,0.03317535545023697
06e5eefc71ec47ae763c5c6f8db7064f,0.004448398576512456
070d165398b553f3b4b851c216b8a358,0.07865168539325842
0791d9fc1e30678ecf03d3e55fa108d3,0.20056497175141244
07bf9669d84d1f11be443a9dd938f698,0.24326241134751772
07d75e33f2750d97d467fb57e4dfdd8a,0.4012875536480687
07de60b03d150fb3ea09eab5da5e4c8b,0.2577962577962578
080102cd0a76b09e0dcf55fcacc60e05,0.004448398576512456
080199a181c46c657dc5aa235411be3b,0.004448398576512456
08084d990eb3f53af056ccbc1730c8a7,0.4050632911392405
081acf3de680d554796c9cf041be7bc2,0.3949843260188088
085f6f7e049c996695fb2074fe38d45e,0.5606060606060606
08633c14ef2db992c11f840f04fad4cd,0.025885558583106268
0873d9f8f36123f8d910f4760e788cfb,0.7142857142857143
0885aaf116795758dfeb5f1032487bcd,0.010101010101010102
08d0949a9a17c027262db1f3c450c26c,0.16129032258064516
094ced053e257ae8cae57205592d6712,0.03317535545023697
099095b050cfe8eb1ddff5317587e96e,0.1320754716981132
09f952a5f58d2285b0372551ae8f9b01,0.025885558583106268
0a82f5fb06a4fe4ac2cf7cb412ec71b8,0.4012875536480687
0a85ebe4e328db81ac9109781205e2f7,0.4523364485981308
0aa2205ca24f113f4658a5c536667426,0.3949843260188088
0ac4201fda2c68ebc0e47cb9423cf3c9,0.24326241134751772
0adac9fbd9a2b63cccaac4f8756c1ca8,0.004448398576512456
0aea4c6ae1505b3228ddf3dd7822ee5b,0.24326241134751772
0af977692321d895349eded183341d28,0.4075342465753425
0afccdb8a34ee5c79f7c06faf2b4d56e,0.4050632911392405
0b0ddbc7b9d9584f442c7ac92b0ff6c9,0.4012875536480687
0b18d63d0cd1d723567903fd34a07df2,0.4012875536480687
0b1ca3ef18a63d7eb0c8897fa0849c08,0.4523364485981308
0b35c634521043bf4b47e21547b99ab5,0.004448398576512456
0b64bcdb0784abc139af04077d49a20e,0.48109965635738833
0b90b6df587eb83608a64ea8b390cf07,0.004448398576512456
0bae85eb84b9fb3bd773911e89288d54,0.004448398576512456
0bb738e4d789e63e2267697c42d35a2d,0.07865168539325842
0be8ff43f22e456b4e0371b2245e4d01,0.004448398576512456
0bf0150d5b9d60d9cd2906003332f085,0.10864393338620143
0c7533c71df861ec58ad7ff999ed0e8d,0.016597510373443983
0c8380b62e38e8a1e6adbeba7eb9688c,0.24326241134751772
0cab2da43793a6f3c5ed8514c5f54627,0.5734265734265734
0cbcee27c791afa0cdcb08587a2013a8,0.07865168539325842
0d33a55da925bbf1ff02af5f6059fc7f,0.185
0d85bbda9889ce1f7e63778d24f346eb,0.24326241134751772
0db783cfcd3b73998abc6e10e59a102f,0.185
0dd184061fb0eaa7ca37932c68ab91c5,0.025885558583106268
0ddefe3c7a032b91f4e25b9c3a08fca1,0.2577962577962578
0df3984f9dfb3d49ac6366acbd3bbb85,0.025885558583106268
0dfbed20065e425d2eaefb101f9816c0,0.20056497175141244
0e72c1a751b496722a6cb1f10653b62a,0.5734265734265734
0e982cff76cc0579f632cea8a0e38c9d,0.24326241134751772
0ea22c1cfbdc755f86b9b54b39c16043,0.004448398576512456
0eaa7e33d73809f1f925f7d07c506cbd,0.6133333333333333
0ebd97a106433a45a4aebe57c1799778,0.07865168539325842
0ec28cec4046a4a199b6de9b4c891d97,0.2823529411764706
0ed6ce5d87fd9c69eaacaeb778d67235,0.0423728813559322
0ef83d7d83ed97cd2a0049ac8be5f88a,0.025885558583106268
0f0c984a4a955310903b6b6008660bad,0.03571428571428571
0f7eea709efdf942b5f95c7516dbacd7,1.0
0fe2d9733ed841eb064503920015a8c0,0.20056497175141244
0ff83046c3fa22efee8ecf291888b191,0.2577962577962578
0ffa40d54288e4f3499b8780dd0f144f,0.06976744186046512
10076e5788b8ee532724bcd460baf762,0.185
1025f0e2d44d7041d6cf58b6550e0bfa,0.013333333333333334
10ff823eda2b032e2c93d17a7d294736,0.24326241134751772
1127b7f2594683f2510f1c2c834a486b,0.016597510373443983
11305281b50fff20ae8bb473f8e11876,0.1891891891891892
113e3a788b935f48aad63e1c41dac1bd,0.06976744186046512
116ccb1a1604bc88e4d234a8c23f33de,0.016597510373443983
117cfc326c6d50da67ca858ff5c0c852,1.0
11938fcc75f6902fea1d0a6f72b54a57,0.4012875536480687
11bfa66332777660bd0640ee84d47006,0.004448398576512456
128639473a139ac0f3e5f5ade55873a5,0.013333333333333334
128f9bfbe4c7d5185033914b1de3d39a,0.24326241134751772
12b9676b00f60f3b700e83af21824c0e,0.004448398576512456
13074f016982ff2bd6c58ced8682f000,0.24326241134751772
1336efc61c316ddf92c899eb817f7cae,0.185
134b867a0f7f8bbe6abf10f91874891e,0.5460526315789473
13511db12ac61e2f89c53b72a944a60b,0.2823529411764706
1354d51653f645349064725ed204e85e,0.24326241134751772
138dbe45fc62f1e244378131a6801526,0.09302325581395349
13c2ed7698b3ca92dad49e849219da59,0.24326241134751772
13d058e4eeac2ce8217660b2f8a05812,0.24326241134751772
13d95f0f6f73943d4ceffad0fc2cd32c,1.0
13f57c12a00ed4610db646b913a7f5c6,0.24326241134751772
141440cad9341e553f8401c574a2aa38,0.04285714285714286
1430239a858e7682bbc43b20758af153,0.185
1444c08e64d55fb3c25f0f09c07ffcf2,0.5460526315789473
1464afc72f696af775557a821c2e253f,0.07865168539325842
14a08204d03bb6b6bde8029f801ae0eb,0.09302325581395349
14d7985702e72162bbf13b6beb74ab2b,0.10864393338620143
14f2b3587172b9db894c9bad8dab520b,0.4075342465753425
1554a68530182680ad5c8b042c3ab563,0.004448398576512456
157c3e4b42f81ac4a44e8b1ca2fe9876,0.07865168539325842
15aac934c58d886785ac1b17953ea898,0.06741573033707865
15cd6eefe58588619aaed41dfa6621b1,0.1891891891891892
15ead3a5037a918ddb520dfe39a3d2b9,0.5606060606060606
15fa791d5e017f66402dc28c44480657,0.18235294117647058
16090f2ca825584b5a147ab24aa30c86,0.013333333333333334
165b1235e9e9942cb5fae67103576fb0,0.4075342465753425
165fc07beebdcb6190fba8a06db2a449,0.1320754716981132
1660ad786c27fd935378b6192a90b417,0.20056497175141244
167fd940acebc789debd6eb418c46e38,0.10810810810810811
1690cada046eb7e92c12f98b1f8a8167,0.4075342465753425
16bdc8cefd0e32a6f0824d296c5ad14a,0.5734265734265734
1710c3aaa9c6b44ec3883ee0fe300e21,0.4012875536480687
17306570e772e7718c92a562d33f5f1d,0.1891891891891892
1771297ac436903d1dd6b0e9279aa505,0.13793103448275862
1782ce2db72c3dda627d5e7c898104e1,0.24326241134751772
17908cf9b444ee34047cadd5c0f4a516,0.24326241134751772
17a053fcb14bd219540cbde0df490be0,0.004448398576512456
17ca9b9e9b9ef8fdb529001b49ebb50f,0.004448398576512456
17e34d8224d27a541263c4c64b11a56b,0.004448398576512456
17f51e7198701186712e53a39c564617,0.07865168539325842
1835b56ce799e6a4dc4eddc053f04066,0.004448398576512456
1838dd9b8977065acf51d95e0053ea7a,0.0423728813559322
186cdd1b2df32caa72cfb410bba768d3,0.4075342465753425
18a349e75d307f4b4cc646a691ed4216,0.004448398576512456
1900267e848ceeba8fa32d80c1a5f5a8,0.004448398576512456
1987cd4be10fe09ee50454f9c354d1c6,0.24326241134751772
1996942dc085d7773ba77a529b163cd0,0.4075342465753425
19d62d484cba71963c93f0f00ab42013,0.4075342465753425
1a3df491d1c4f1589fc2b934ada68bf2,0.025885558583106268
1a932caad4f9d804097d7f8e615baed1,0.3409090909090909
1b1ae47a313a825a7ccceb8e2e30fa9d,0.3949843260188088
1b4c3a6f53068f0b6944d2d005c9fc89,0.025885558583106268
1b65c144b17e607c0f37f10bb7dfec8d,0.18235294117647058
1b7e5006cb25dd23ce8686691013b121,0.1891891891891892
1b938a7ec6ac5061a66a3766e0e75f90,0.1891891891891892
1bb2bdb95f4841f1bba2c0d2cd83d3c9,0.0423728813559322
1c129092bf23f28a5930387c980c0dfc,0.0423728813559322
1c40343cc5d18c2d8248ac2f3366de34,0.4075342465753425
1c5e4e49b9079480255b49d50aac1aa9,0.05555555555555555
1c68394e931a64f90ea236c5ea590300,0.004448398576512456
1ca4bdb0cd7fc48e949bac066188ed26,0.8571428571428571
1ca7077d890b907f89be8c954a02686a,0.10864393338620143
1caf283236cd69af44cbc09a0a1e7d32,0.5
1cbd32d00d01bb8087a5eb088612fd9c,0.4075342465753425
1cbd50a8c52e6cf8e315c5709fab386f,0.24326241134751772
1cbdc7cf130a41fd13a3c2a7d2fcfda7,0.4523364485981308
1ce3ae5a399804d1a87e706f8a813c3e,0.07865168539325842
1d1bbb8ac1581824986f582583fff01d,0.4523364485981308
1d2732ef8321502ee8488e8bed1ab8cd,0.4012875536480687
1d29dfba02015238dfbe2449a5eaa361,0.1891891891891892
1d4587203296c8f4ad134dc286fa6db0,0.010101010101010102
1d503743d2526f03f0c2c89540ee008c,0.185
1d8dbc4f32378d715c717c1c1fc57bae,0.025885558583106268
1da3aeb70d7989d1e6d9b0e887f97c23,0.004448398576512456
1dc2de47ee26a0a5b12dc14fd6dc0dea,0.185
1dfe5347016252a7884b694d4f10f5c4,0.10864393338620143
1e8b33f18b4f7598d87f5cbee2282cc2,0.004448398576512456
1e8c6a4c538f286aee9573239740a4b4,0.42857142857142855
1eade46fba20122dc4aefb379f8c636b,0.0423728813559322
1f1bb1f0859883505541bdd6606193e5,0.10864393338620143
1f50f920176fa81dab994f9023523100,0.013333333333333334
1f7dfad2cb384ea4d2d7e1ffbd78c407,0.4523364485981308
1f7fd2a6fcd5a6fa5d8a4dabc72aaae0,0.4075342465753425
1f867308a0ce13133a4e639ff4de0c02,0.24326241134751772
1f9ab4708f3056ede07124aad39a2554,0.025885558583106268
1fdc574883ef3b33ad41562d93f3a74a,0.010101010101010102
2089a6d640999f9b9141ac719b2af596,0.07865168539325842
20b54c376b794ed028df09a3cd88e8dc,0.24326241134751772
20cb7c2fde3e5bf10f0bbe7394e1c6a9,0.5606060606060606
20d83f3ef0e6925fd74bfd59170babf7,0.06741573033707865
2138ccb85b11a4ec1e37afbd1c8eda1f,0.004448398576512456
213b25e6f54661939f11710a6fddb871,0.10864393338620143
2156f2671501a81034d7d07f217609d0,0.10864393338620143
218d46b86c1881d022bce9c68a7d4b15,0.004448398576512456
218f991754f360af9c2daa5e0b8e990c,0.1891891891891892
2199e7fe213c16213bf5d6a7eadc9a5d,0.24326241134751772
226b05fe067266c59c15dae208213d06,0.1891891891891892
228e4c1a0be164f613d41c24345f9d2c,0.4075342465753425
229c3efbfb0ea2058de4ccdfbc3d784a,0.025885558583106268
2305ab43e846518f58dd9d59f3f54e96,0.4012875536480687
232a6014e7b10cba61c6c2b2ea6bb4b0,0.07865168539325842
23613d49c3ac2bd302259e55c06c050c,0.0423728813559322
2379bdc3888025689a9deb7b141507d5,0.2577962577962578
238fac594e170b59c6d228f5a4f4f1d9,0.07865168539325842
23a0ffca143a15b9b5bbdb7d552f626a,0.03317535545023697
23c38debaffe4a25a30fdbd9b586a13f,0.03317535545023697
23d7c96d4a1160db1c726b248601b25a,0.016597510373443983
24a6daf925d9d591870a66660416de31,0.48109965635738833
2528513dd95219a6013d4d05176e391a,0.004448398576512456
2528744c5ef5d955adc318720a94d2e7,0.3949843260188088
253f95b3a0e6983ae18aed49fbc2b845,0.18235294117647058
257e61d3251fb5efb9daadddbc2cf7ca,0.18235294117647058
259f7b5e6e482c230e5bfaa670b6bb8f,0.004448398576512456
25be943a321c8938947bdaabca979a90,0.4075342465753425
25c5c91f63607446a97b143d2d535d31,0.10864393338620143
25cf099de44674fde97473224f9d59ab,0.016597510373443983
25debeafbce801fdd479539350185eee,0.48109965635738833
25e6ffe976bd75618accfe16cefcbd0d,0.025885558583106268
262237171f48e85819065498cac80d7b,0.48109965635738833
2646baaf662d4d92ac48f047e35db92d,0.2577962577962578
26af45f5dfd967225a832838aa4e24a3,0.2577962577962578
26bad72add1f86e08a776ce4ffdaf1ca,0.24326241134751772
26d6bbee02420494d471c9f6436929c0,0.7
26d8a1c7c75d513045798992ead43aa2,0.10864393338620143
26e2c91ef821e1ff8985f408788fe35b,0.10864393338620143
270297ead4c65a6cd2593960d2af6b21,0.1891891891891892
270572bb714b00531be85e16e1550f26,0.4075342465753425
2709af9587499e95e803a6498a5a56e9,0.7
270d3ef21830ad0ecf3a6c53d08a533a,0.24326241134751772
271c58a1d139c45eaf3316107c6d3a3b,0.0
2745f798279e0ed033addcc1474776d7,0.07865168539325842
276677b5d08786d5dce7c2149dcce48b,0.10864393338620143
282f23a9769b2690c5dda22e316f9941,0.004448398576512456
289cdb325fb7e7f891c38608bf9e0962,0.10864393338620143
28c7d8743fbc8679f484868cc0fcaefb,0.5734265734265734
28f10b1c5e5abb9d4857745bede6147c,0.09302325581395349
2953ce3a88f5e3c3b696d77fc9e4c8eb,0.2577962577962578
296729ffb9b684050dd24836dac4494a,0.5734265734265734
2a1348e9addc1af5aaa619b1a3679d6b,0.2577962577962578
2a261b5b644fa05f4f2700eb93544f2c,0.025885558583106268
2a5b78b41cd05baeac8df54c6606b92c,0.025885558583106268
2a6fbeaa7ab9e5d59a35841a8da71ce4,0.07865168539325842
2a7dc43cecabf23403078e2188437d1d,0.025885558583106268
2a84855fd20af891be03bc5924d2b453,0.004448398576512456
2aafae69bf4c41fbd94053d9413e87ee,0.5734265734265734
2addf05f476d0637864454e93ba673d5,0.24326241134751772
2b03ac196f5ed62ac483960fe0fa3b65,0.24326241134751772
2b1a40c1daabc6ca280c4b815c101841,0.24326241134751772
2b3e4a2a3ea8e01938cabda2a3e5cc79,0.1891891891891892
2b402d5dc42554061f8ea98d1916f148,0.5460526315789473
2ba91c7ad80ff88b23b7db823b43c233,0.18235294117647058
2bf28e311bba65237358230cabac3f15,0.48109965635738833
2bf6a2c1e71bbd29a4ad64e6d3c3629f,0.10864393338620143
2c00c85d30361cd2ced2969cffbbffa3,0.4523364485981308
2c3d56f92f360fb89d849b84e8f50eae,0.6133333333333333
2c4c47cb51acd5ea5db5e0ae0e26542a,0.24326241134751772
2c538755f1ca9540af144f266e70df6c,0.4075342465753425
2c54051840f19eca309a5423cf22df36,0.7
2c9005d8043aff18b8557ffb7b13cda4,0.4075342465753425
2c9e548be18521d1c43cde1c582c6de8,0.0423728813559322
2cb6eb1b7185064167657fa09f541105,0.24326241134751772
2d22fc3089eb907b29ebff50581fb472,0.8888888888888888
2d2c62bef4c8ba0dd74e0e228e808539,0.24326241134751772
2d34636518ba88f5349b732fcf8ba2e4,0.4075342465753425
2d50d6282f8aa2257819a77bfaa0efe0,0.10864393338620143
2d518637f53161b973e01f56ea4bb88e,0.18235294117647058
2dee2ce60de9709b1a24083217181a1f,0.1891891891891892
2e13c71026e1a39ba5cc1b86dcb679aa,0.07865168539325842
2e1a7d075abe038c1b2743005fe42ff1,0.10864393338620143
2e1c9f22be269ef4643f826c9e650a52,0.004448398576512456
2e2f44824ab87a0cb961f68bf4073e7f,0.5734265734265734
2e3be8a987a30d7544dbbda6861cc14e,0.3949843260188088
2e90cb1677d35cfe24eef47d441b7c87,0.025885558583106268
2ea0861cc19e94cad86438c984c52da4,0.25
2eb70248d66e0e3ef83659f71b244378,0.10864393338620143
2f4b0d3b9634b647d4edee577d7ebb7e,1.0
2fa13c8bd5705d279f7ed5cc9ec61c68,0.0
2ff6b7bff164ef05590a52734e1296da,0.24326241134751772
2ff97219cb8622eaf3cd89b7d9c09824,0.06976744186046512
3076499bbc033a927bf4a8a41bcf7fd4,0.20056497175141244
3078096983cf766a32a06257648502d1,0.025885558583106268
30829ded4523ab9224b93bc49a62c95f,0.10864393338620143
3092c0b297aacfb4bb6e056ebe13b9b8,0.10864393338620143
30a2f535bb48308f991d0b9ad4a8c4bb,0.185
30a81d8cf85fb2ada1b1b094c9583a95,0.0
312ba1d77e9c332ef21f9598b7f64cd7,0.24326241134751772
31344c16881c08a8a72c6d2eb29918c1,0.1320754716981132
318f287a62ab7ac10b703ac37435a231,0.07865168539325842
31ae0774c17fabd06ff707cc5bde005f,0.24326241134751772
31da954dc0855f2495c6310f70a2f931,0.10864393338620143
323ce52b5b81df2cd804b017b7f09aa7,0.10864393338620143
3289d8c3eef4873f91ce0b1343c0dd58,0.4075342465753425
32b8764b4ef628b53608fc34011fcc13,0.03317535545023697
32f1bb9dfa65bc7df5c0d9d95a616be4,0.48109965635738833
334cab711dee080b079fa5779b584783,0.03571428571428571
33576ec5412fb5905d876f12f33bfde6,0.0
3361277dc30b7cccdb0c286b24219756,0.10864393338620143
33a17d60c64393351ebf1ef860f4e0f2,0.07865168539325842
33a6f4b1e7cdc205511e76ba1b6e0186,0.10864393338620143
33ac3e28642ab8bda860a2f693000e78,0.010101010101010102
33c51922b6e3c16b24a8f28e5833c99d,0.10864393338620143
33cbbec1e7e1044aaf11d152172c776f,0.1891891891891892
33cbda8716511e27e556dff9d8418bf2,0.48109965635738833
33d677f27a69b84051204ee4ae76eaca,0.2577962577962578
33dd941c27854f7625b968cc6195a552,0.1
33fd411ed63a7c2f9005e3f065d9f85d,0.5734265734265734
34056b8b55c1775a22af2331670a799c,0.10864393338620143
340636a908b13bbe0f4fb63fbe1d0c03,0.10810810810810811
343e716476e3748b069f980efbaa294e,0.10864393338620143
3492e68f37fd1df87f4f2f2ea247f445,0.20056497175141244
34a557286ead8fe75c989e0afcf7d98c,0.4523364485981308
34d1ca11b242c0fee2c834ae8d788566,0.07865168539325842
34f563c82a85b99ae9e6d60db5fc2e28,0.18235294117647058
353e21e8bf8de2722b4fae1636664b76,0.4050632911392405
35857757f553273b1056c1cabdace7fb,0.48109965635738833
3586b8580d9c917874e053a1bb37b5ff,0.185
35b96509602ec4b7da831b5cd73ff2c2,0.4075342465753425
35fb511489d9ee3ee27a76debce9df06,0.4050632911392405
365e4bce19bda0082c3d15d83fdb8bcd,0.24326241134751772
36a968b544695394e4e9d7572688598f,0.185
373ee4a3a775a733770ca3f790b8b9ac,0.24326241134751772
37515688008a7a40ac93e3b2e4ab203f,0.0423728813559322
376a891762bbdecbc02b4b6adec3fdda,0.025885558583106268
376d67b61dce0c990155286e7ae486a4,0.7536231884057971
3785b653b1b82de85ab47dd139938091,0.10864393338620143
37be5a7c751166fbc5f8ccba4119e043,0.1891891891891892
37dd29b36c458d82f74a953c40c43645,0.24326241134751772
381c83fdca332ea6afd896da20bf6e4a,0.016597510373443983
382229d1e840115ffe3dbf5ff460e417,0.03317535545023697
3903c788ded8dc03b5ebab37a2f3e9a1,0.0
391bbd13b6452244774beff1824006ed,0.5734265734265734
391fc6631aebcf3004804e51b40bcf1e,0.004448398576512456
392353362d22cc2c236e1ee81ff19890,0.48109965635738833
392e0502231ae2f8b29994ef6398cd77,0.4075342465753425
3935fe5fe0f82787a9dcb8deb62be09d,0.1891891891891892
3968920b9aa752ab98f7d5888c9252f2,0.04285714285714286
3969863bb8af7f72580b3b1ffd3a17b3,0.24326241134751772
397c4d0c005b6f41f90098ac724e28cb,0.1
39c763cca83e654764b7a4a650fb9b7c,0.2577962577962578
39d54ff918774174706fb065d7f9dc07,0.010101010101010102
39d61be7a92eb77b7da367bd4845bc0e,0.24326241134751772
39f776d2974049026ff531fc42ef2a3e,0.3949843260188088
3a1a1fec38dd360f15fc912e821e169d,0.10864393338620143
3a3c180dd702a725bd0ba4117689239e,0.5734265734265734
3a3e46d10f74d8a6ca76e2b538f106a0,0.4012875536480687
3a4127e1ba7208ea37044c5092aae170,0.3949843260188088
3ade81dab5a172b88e1871c28ae05260,0.07865168539325842
3afc536624bc2e65bddfb5db33cc01f3,0.2577962577962578
3b15288545f8928d3e65a8f949a28291,0.025885558583106268
3b18f9856c6eb2413eafedb58e9eecd9,0.4075342465753425
3b872fd4747f01cc56206f2934198618,0.1320754716981132
3bdff180c7e1f6551a643b99c265a120,0.185
3be634553519fb6536a03e1358e9fdc7,0.016597510373443983
3c03b12bab54d8b37d79d914bfdb1aa0,0.025885558583106268
3c487ae8f8d7542beff5788e2e0aea83,0.10864393338620143
3c4e0452bff7a2a788179488d3d77032,0.10864393338620143
3c7c4a49ec3c6550809089c6a2ca9370,0.004448398576512456
3cfa1358a6caa965278721344c8d76f2,0.18235294117647058
3d0cd21d41671c46f82cd11176bf7277,0.4050632911392405
3d2531eccfbde1d7c8db7a3a12fb267a,0.18235294117647058
3d871de0142ce09b7081e2b9d1733cb1,0.004448398576512456
3d8fa2f5b647373c8620330c4e077a9f,0.1891891891891892
3db66a856d18a9cba7c9241fc5221c50,0.10864393338620143
3df020b72d3d44b3af9d110fa3940b65,0.07865168539325842
3dfd3dc96f7f8598eca74e9ac8a2fa31,0.48109965635738833
3e35a8bb43569389d3cebef0ce820f69,0.5734265734265734
3e8bd881d92466e63ba9e3e809cd3c50,0.1891891891891892
3ea00e1dea2b0659dbaf654735929220,0.5734265734265734
3f2af2670e104d1bcb54022274daeac5,0.24326241134751772
3f3486b61f45078d4f31ee5e43d8c5bb,0.025885558583106268
3f84fefc07dc159b268d4a77d3e8c425,0.4523364485981308
3f9be91358837bff69df67edfa3e42e8,0.24326241134751772
3f9c56764fabca627406093dcb3ef0b4,0.24326241134751772
3fac58ce0ad699020c7944d53c41329c,0.0
3fd1e727ba94cfe122d165e176ce7967,0.10864393338620143
406740ee611378a662d274c7d8c43c4a,0.1891891891891892
406822777a0b9eb5c50e442dd4cd3ec5,0.025885558583106268
4091f77d8c768fc3e81c20761471761d,0.24326241134751772
40d54b51e962dbe09cabbcfd33298dee,0.010101010101010102
40db9e9aa57f7bb151bcda6b0f9bdbb7,0.3949843260188088
411f3b52d857390502ee4e4d5ceabc2d,0.09302325581395349
412a4720f3e9431b4afa1476a1acddbe,0.1891891891891892
41ab63a91b8b264e8c8780368bf1dd5b,0.24326241134751772
41b14765bd56c8ad10971074380f9c0c,0.4050632911392405
41b39e28db005d9731d9d485a83b4c38,0.016597510373443983
41da412d33e8da4f22baf55cb1bde82c,0.185
41e0fa5761c886a630994a55c12087e7,0.2577962577962578
4200ddf1967c5e41e48db62bc6d4b5ac,0.185
427165bf50f8ca07efc7bdc2bfcf1688,1.0
42b6488f5b8246d9141712abd4b1b693,0.4523364485981308
42b729f859728f5079499127a9c2ef37,0.185
42d4b7e70819438f5ada61c965e92d7e,0.5734265734265734
42ef3192a9ff87a22d1867b74b3ee205,0.185
42fa4ee7240e9b8eb4576358ec142ba7,0.10864393338620143
430315b7bb4b6e4b3c978f9dfa9b0558,0.10864393338620143
431050a06a317f2b38168dec3dcd2b46,0.2823529411764706
431af27f296bc6519d890aa5a05fdb11,0.025885558583106268
4324dd16853115efb0fd9d0d131ba6f4,0.24326241134751772
432c37c9dfba871172ec162e20118b8c,0.10864393338620143
43402bdf22aa2310e8f99e2f94f78628,0.20056497175141244
4342d4b2ba6b161468c63a7e7cfce593,0.4075342465753425
4371b634e0efc0e22b09b52907d9d469,0.004448398576512456
4391ea5c5990502176a1dcda44a2373d,0.7536231884057971
439a47cc365d6e3bd526812ea9de3c29,0.24326241134751772
43f8c9950d11ecd03a0304a49e010da6,0.1891891891891892
44073f8b7e41514de3b7815dd0237f4f,0.10864393338620143
440dd6ab244315c632130ecfb63827b1,0.025885558583106268
446cc09cdbb130904da114e807dbec40,0.4012875536480687
4559697a8f7e637227c2eeaed843baff,0.0
455c5640e8c5bd1b2ee85c0158f85727,0.1891891891891892
457fe919b032a3f7dadba6fb92cf7855,0.0
45ba18c210d42734ec52c0c1c574e9ee,0.03317535545023697
45d33f715e24d15a6ccf5c17b3a23e3c,0.24326241134751772
461ff5303b6c9c1a4a07f40c5aece516,0.48109965635738833
4677a5437afda5fa7140b927b07be1cc,0.18235294117647058
46dc3b2cc0980fb8ec44634e21d2718e,0.004448398576512456
4736e9d642ef4257cd7622516931eb51,0.2577962577962578
47648caee88ccfe951fbb27fbf7b4cbe,0.3949843260188088
47efca563408aae19bb7206c2d969ea9,0.1891891891891892
48162d548f5b1b11b9d29d1e01f75a61,0.10864393338620143
4830e40640734fc1c52cd21127c341d4,0.004448398576512456
483ca627d131e18f988349b1655c0acd,0.4075342465753425
48436dade18ac8b2bce089ec2a041202,0.1891891891891892
485452467ff670447e84a8370c3fc898,0.6470588235294118
4869f7a5dfa277a7dca6462dcf3b52b2,0.013333333333333334
48b6c3f4c6a93171da04b75313f2130f,0.4012875536480687
48e954b2da4f6a750c844173b347ed40,0.4012875536480687
49067458c68f7701fd334ce326accbe0,0.185
4917cee8d902e13428c3ec4b1ca6f315,0.24326241134751772
49383af7ab774e4e8f3000f49c83dc4b,0.2823529411764706
4965a7002cca77301c82d3f91b82e1a9,0.4523364485981308
4978a02ea9c8be7a9b5480680f40334e,0.09302325581395349
4992e76a42cb3aad7a7047e0d3d7e729,0.07865168539325842
499ec63c58e51296c9cf57edcfe1c8a8,0.2577962577962578
49e7217cfe4e427191c378ec626d8737,0.1891891891891892
4a1f694197d05fe70026b016a7316b41,0.03571428571428571
4a3ca9315b744ce9f8e9374361493884,0.004448398576512456
4a3ccda38b2129705f3fb522db62ca31,0.016597510373443983
4aba391bc3b88717ce08eb11e44937b2,0.1891891891891892
4b0fdb526525f9890eb145bf1534640e,0.24326241134751772
4b9750c8ad28220fe6702d4ecb7c898f,0.004448398576512456
4bcec44888b30ba9001234c534716d3f,0.4050632911392405
4be6b962d83299498bae2190f95d6566,0.2577962577962578
4bfc7a4a1cf8d4d2121c27422d9e50b5,0.03317535545023697
4c18691b6037662be2df78a765d98ab5,0.06976744186046512
4c1c7281388a33dd06daac44f9fadbd1,0.0
4c2b230173bb36f9b240f2b8ac11786e,0.025885558583106268
4c498c7345e89aebad651544829beca0,0.025885558583106268
4c61e37f664c3c88aff092aa5ac779d7,0.18235294117647058
4c8545742faaf58fafd5fd14d25d75cf,0.24326241134751772
4ce8b55b4bfa4659184e7becc1fba3f2,0.20056497175141244
4d0041cdbe51b4617d95c70b19decc74,0.0
4d6d651bd7684af3fffabd5f08d12e5a,0.004448398576512456
4da0e408c99d2fdc2126dc9fce518060,0.10864393338620143
4dab98ca6cd6d3df586203cefd28a042,0.4075342465753425
4dc646b9b9e8e411ef48ba000ea3ac6f,0.2823529411764706
4de6e4ba574aa9dfdc824bc44dc47fdd,0.1891891891891892
4deebb3199eeafb282ae33229144f94b,0.3949843260188088
4e06067cc08b3f41d837768d392c3ee3,0.09302325581395349
4e0d109ccfba9a1151c103049880c857,0.4075342465753425
4e17c65a516f69d023a2ae78b84f28d6,0.06741573033707865
4e5725ba188db8252977a4f0227bd462,0.10864393338620143
4e7c18b98d84e05cbae3ff0ff03846c2,0.10864393338620143
4e85b538b0dad58852641540686d0e14,0.0
4e922959ae960d389249c378d1c939f5,0.004448398576512456
4ea2f12dbe91deeacd2c1e74f069a6e6,0.4523364485981308
4eb61f060e7dcc1d5a80d806c35cc541,0.4075342465753425
4ebdc7e6cd6102a022dadc49156d4ea8,0.16666666666666666
4eeb99008a0f59d2c7759c59f9a346eb,0.4075342465753425
4ef4c39cf3c24f326434cf0b2e48046a,0.24326241134751772
4f0d637c1197fd65405ebd755ac9f86b,0.7536231884057971
5011f0d93373a4c5753adf58ca77af8d,0.18235294117647058
503c1de08ae81a2d86f17951b204db55,0.24326241134751772
5058e8c1e82653974541e83690655b4a,0.025885558583106268
50770d25768b0486d89be26afca3108f,0.2577962577962578
50c9975695009e5e6473912e83a6d1da,0.185
512d298ac2a96d1931b6bd30aa21f61d,0.1891891891891892
5145090ab595c0d0b8557199f5701fbf,0.3949843260188088
516e7738bd8f735ac19a010ee5450d8d,0.03317535545023697
51702dc2a3e106c76dbff722b5bf0726,0.3949843260188088
51e4e89242cbb846c2deff3dc015650e,0.1891891891891892
51ed72984a04e5dd35c2b27e77179038,0.18235294117647058
52092ddbd3a58c450a4459bf051b2287,0.2577962577962578
522620dcb18a6b31cd7bdf73665113a9,0.10864393338620143
5236605f4d4b0b3e4df85b850393fca0,0.48109965635738833
52454f90d4c30c016768db02f88c1a74,0.20056497175141244
52562a9f449c3dc3d53f5f5b9ed74903,0.24326241134751772
527801b552d0077ffd170872eb49683b,0.004448398576512456
52956b80ae65fda598f06f6b9943e7a9,0.3409090909090909
52a52b9f656520e99716f5bc40f661c8,0.10810810810810811
52ac6f920b7280e4c6d30dd94de6259b,0.3333333333333333
52bb00821bcdd358a5a5a27e1f6be5a1,0.4012875536480687
52d76513f0c4d97f3b99570e2c94ee31,0.10864393338620143
52f0fe436a347ddad7ed5f9aa4e27eaa,0.10864393338620143
52f9db5cfb423382a2fa5c9e39303202,0.185
53088c75f948b48a7ece173ac17f0c12,0.4523364485981308
530ec6109d11eaaf87999465c6afee01,0.10864393338620143
53243585a1d6dc2643021fd1853d8905,0.1320754716981132
5343d0649eca2a983820bfe93fc4d17e,0.004448398576512456
537eb890efff034a88679788b647c564,0.004448398576512456
53b0300ca793f9834cd69c0678d35ee8,0.3949843260188088
53d00c40e32aeb924a84ce72b1af869d,0.03317535545023697
53e4c6e0f4312d4d2107a8c9cddf45cd,0.004448398576512456
54219883e72aad869adfb2a54b7bfa0f,0.3333333333333333
54965bbe3e4f07ae045b90b0b8541f52,0.04285714285714286
54a1852d1b8f10312c55e906355666ee,0.004448398576512456
54c04bdb5ec46762f8f08c7e8f86ed4a,0.10864393338620143
553a440137d6e0cf776aee0bb83ac9f5,0.20056497175141244
55bb6fe5bebe5012e2d7d9928e1128ff,0.10864393338620143
55c26bcb609f480eb7868594245febb5,0.18235294117647058
55d3daac7c404d59e51c2aa2f4dc5a23,0.24326241134751772
562f8cfc51f265411f487d07e9c40e7f,0.16666666666666666
562fc2f2c2863ab7e79a9e4388a58a14,0.06976744186046512
5656537e588803a555b8eb41f07a944b,0.004448398576512456
5659d77e8d90378e39b960ad5956f64e,0.4075342465753425
56642bcb79900e777d68e91915cb4267,0.10864393338620143
5670f4db5b62c43d542e1b2d56b0cf7c,0.18235294117647058
5733d806668f8712c24b9abaefbfa642,0.4012875536480687
5741dc2bf5044c34d0698681c5081bed,0.20056497175141244
575df70bde3f9f2b30bf8d2e9910d725,0.24326241134751772
577719699805dd125d5b6fdde5943bba,0.3949843260188088
578fa3a9cb6b6dceab39231ad59cdaca,0.48109965635738833
579891617139df7d8671d373f0669622,0.48109965635738833
57c764b4a836300be881e2ff86e449f9,0.07865168539325842
57df9869a600bd6b7c405f2a862eccfb,0.4523364485981308
57e632711dec9ec14ca7546769483e7e,0.07865168539325842
582d4f8675b945722eda7c0cb61ba4c7,0.06741573033707865
5882820ef11c4c068eea0677a7a879b4,0.18235294117647058
58f1a6197ed863543e0136bdedb3fce2,0.06666666666666667
594f9aaa48e5bf431f011ddc5669b0d5,0.03317535545023697
59b22a78efb79a4797979612b885db36,0.004448398576512456
59bbc819b99a733f02f0d6b49d1c253d,0.4523364485981308
59fb871bf6f4522a87ba567b42dafecf,0.10864393338620143
5a05a16bb50629ee31afab8a6d4c2674,0.03317535545023697
5a32c398a06c345440bf2a683b017ad3,0.4523364485981308
5a425cc503b39b262a847fd6212bf53b,0.4012875536480687
5a6a02f419701fc8c605af71d4fc57a4,0.20056497175141244
5a8e7d5003a1f221f9e1d6e411de7c23,0.016597510373443983
5a93f3ab0ef4c84ed5e1b5dbf23978bc,0.185
5ab05b6d86d417796c69ffd6774ec832,0.3949843260188088
5b2e94f2c22b39ccc24d34ad0f669672,0.06666666666666667
5b35136197710e16ac5e7b7c2bd4ea85,0.24326241134751772
5b51032eddd242adc84c38acab88f23d,0.1891891891891892
5b664594895aefb418afaee6d40a9a23,0.2577962577962578
5b67882648febfb6e1225e6ad7164f6b,0.06741573033707865
5b8154610ebb21fb90eb587365e673df,0.07865168539325842
5b85809efd0d0e4dea1a9544e1280ed9,0.0
5b925e1d006e9476d738aa200751b73b,0.025885558583106268
5bc24d989e71e93c33e50a7782431b0e,0.06666666666666667
5bc55dbe2f12b6af6d83ed46023e0dc8,0.03317535545023697
5bf397d04035b5f45cc41e82ec106803,0.0
5c3460cd3e8a984382ae254e7dd20d9f,0.24326241134751772
5c6d4016c2a288f074fa0848a2b653d2,0.07865168539325842
5c853bb56f70f4d14218944bae111d7a,0.20056497175141244
5ca5d579b5857ee8709479b1047cecc3,0.4075342465753425
5cbbd5a299cab112b7bf23862255e43e,0.06741573033707865
5cf13accae3222c70a9cac40818ae839,0.004448398576512456
5d0363b33554b373851fc1622e4d5f3c,0.004448398576512456
5d3bb11474a06bdc23fb9e89f1164ee0,0.10864393338620143
5d9dc90a686a8fddacffab6bab5653a3,0.6666666666666666
5db42a6cd9bf1bf0d3aab9582767f168,0.4075342465753425
5dc203c7b84a0e71e878a179de05fb9a,0.4523364485981308
5dceca129747e92ff8ef7a997dc4f8ca,0.013333333333333334
5debea795b07621e1f90532e18f96145,0.06741573033707865
5e105f5c9f63f5f1fd75d6cb942e55b1,0.20056497175141244
5e49e3a44bdeb5aab2684258bbd4f525,0.3949843260188088
5eeb9c756d9780b96283e5a2ac6da334,0.3949843260188088
5f1dc28029d2c244352a68107ec2b542,0.0423728813559322
5f2684dab12e59f83bef73ae57724e45,0.025885558583106268
5f3ae9136c875522250f8184f253413a,0.06976744186046512
5f5b43b2bffa8656e4bc6efeb13cc649,0.10864393338620143
5f67c6082caacb26e431a7b17940cece,0.09302325581395349
5f7300535881cef3b625fd683cf7d145,0.24326241134751772
602044f2c16190c2c6e45eb35c2e21cb,0.10864393338620143
6039e27294dc75811c0d8a39069f52c0,0.025885558583106268
60562ab00b8054280520d390c8c0045c,0.1891891891891892
606ce7768feac12c5e8bd58db8b08f0f,0.10810810810810811
609e1a9a6c2539919b8205cf7c4e6ff0,0.10864393338620143
610f72e407cdd7caaa2f8167b0163fd8,0.1891891891891892
61b18775be84fb700a6b2d0ba097bf66,0.4075342465753425
61c36f0fc4a47f9532e5512b66668e62,0.4075342465753425
620c87c171fb2a6dd6e8bb4dec959fc6,0.004448398576512456
6219ba2359cfb97f2e38fd4c321eb309,0.4523364485981308
6235903333ba7de1928c869e268e5964,0.7536231884057971
623ad9d0c1e14bb5464a8c72bff7b4af,0.7536231884057971
624f4ece8da4aafb77699233d480f8ef,0.10864393338620143
6288c69c4ce638e59925e59193f98b16,0.24326241134751772
6338ea67c41078a46ad99cc009654956,0.06741573033707865
634964b17796e64304cadf1ad3050fb7,0.013333333333333334
63a79f5a7eb5cb48a7e5787b141c7993,0.1891891891891892
640e21a7d01df7614a3b4923e990d40c,0.03317535545023697
643214e62b870443ccbe55ab29a4dccf,0.004448398576512456
643c01d7c56a724bec0454f4780e8a3e,0.4012875536480687
6481e96574816ead57975da2c0f6d80d,0.016597510373443983
64cc804291f90c81f02bfc2bb58ff55a,0.5734265734265734
655220df33262c7e0c4949a147366f94,0.1320754716981132
6560211a19b47992c3666cc44a7e94c0,0.004448398576512456
657969cca82e884d272385ec0ef06edd,0.5734265734265734
659e8466eb3ff1b0e8740d74fb7bbedd,0.24326241134751772
65b081a070633e057c462abdd6fb9dd8,0.07865168539325842
65febd49fd28ec955651299159b1f527,0.1891891891891892
66922902710d126a0e7d26b0e3805106,0.025885558583106268
669ae81880e08f269a64487cfb287169,0.025885558583106268
66dc1b1632bd6a3e508510c5b3492107,0.10864393338620143
670a9dda115b5a88b18cfadee8de2332,0.2577962577962578
670c26e0f1bf8d0576271d5cfaec6d2b,0.025885558583106268
679769a98cfcc6da877c8486ff1c13f3,0.24326241134751772
67bf6941ba2f1fa1d02c375766bc3e53,0.07865168539325842
6806dad1da97bfb5a9038eac6881f706,0.24326241134751772
681fce914360217db47784ae28905a96,0.10864393338620143
685b870da5b52a710782c9c0fefbeb5b,0.4012875536480687
6860153b69cc696d5dcfe1cdaaafcf62,0.185
6861de0f40cacb0602e473c51639f980,0.5734265734265734
688756f717c462a206ad854c5027a64a,0.03317535545023697
68f86ba270525243e68ae74044f992b9,0.24326241134751772
6973a06f484aacf400ece213dbf3d946,0.10864393338620143
698624c6632eeba1774924dbea24c700,0.4523364485981308
6a0cbc8af2e8abd1bdfb777943d174c6,0.10864393338620143
6a38087bc8ad4f89ff453561005f6dea,0.0
6a51fc556dab5f766ced6fbc860bc613,0.24326241134751772
6a53b90c3ad9e0b56d9fe5c69165fff5,0.4075342465753425
6a8a889bde935bafa76d7848782dfaf9,0.03317535545023697
6a8b085f816a1f75f92dbac6eb545f8f,0.004448398576512456
6aa3928696eab49a19a466e665a649fd,0.03317535545023697
6b1c4d4d9ccf0be3d8544eb0e71e5318,1.0
6b243f80ed07b10f0e8aa0f21a205f3c,0.004448398576512456
6b333a05bf188ef3e1f1662a86bd9855,0.24326241134751772
6b3bd31ad8fcda4b2635ec9f3ff2ecdf,0.03317535545023697
6b536a23086fba0d58c08d68814397f6,0.1891891891891892
6b803197e03abd5056b4313306b4f29d,0.2577962577962578
6b89abe95848c850399130d149a39b63,0.1891891891891892
6ba4733aa33f6386e9fb0c0fd3993b38,0.48109965635738833
6bb0724edf0b62fb91ac404873a97241,0.1891891891891892
6bbcb8924baf70b7fe2fe2097e8cd407,0.24326241134751772
6bd69102ab48df500790a8cecfc285c2,0.4012875536480687
6c12e40690c335dbc2f68a4134d30dc1,0.24326241134751772
6c177e38df6d3f34182b1f1d427231bf,0.24326241134751772
6c6e3d67f969468f3bfd33f827a31222,0.20056497175141244
6c7d50c24b3ccd2fd83b44d8bb34e073,0.025885558583106268
6c99c983ce3b6ba0ab813e6790e81691,0.5734265734265734
6cd68b3ed6d59aaa9fece558ad360c0a,0.10864393338620143
6d66611d7c44cc30ce351abc49a68421,0.004448398576512456
6d803cb79cc31c41c4c789a75933b3c7,0.025885558583106268
6d988d6174a2c27441597174f8905515,0.16129032258064516
6e13dd869aa7185f601c941423abcc8f,0.23529411764705882
6e386f64c84e482f0b9abf960797ee1b,0.03317535545023697
6e4f5ff6b086632ba8dcb558fb10249e,0.24326241134751772
6e864f5c4669eff3d98140a07cc50202,0.2577962577962578
6eb94e1466490d327a09abf8f3552a50,0.4075342465753425
6ebf4eceee4dd9847201c82e77ef8123,0.5734265734265734
6ec1a01e866584bb679eb9b098345919,0.07865168539325842
6edacfd9f9074789dad6d62ba7950b9c,0.004448398576512456
6f229cc508fc6915ed5c499efd93baa4,0.4012875536480687
6f835fd4be26989b1b064399da346143,0.4075342465753425
6f83d9e4da896daae20b9b6b2d3ff8d2,0.1891891891891892
6fc26fe110feebd80a433e1f012a84f9,0.10864393338620143
6fd52c528dcb38be2eea044946b811f8,0.016597510373443983
7008613ea464bad5cb9b83456e1e6a8f,0.185
701938c450705b8ae65fc923b70f35c7,0.1320754716981132
7040e82f899a04d1b434b795a43b4617,0.004448398576512456
70849ca4f400aaabb62cb7462a6f1428,0.1891891891891892
709e16e2b25c7474d980076c6bfc4806,0.025885558583106268
70a12e78e608ac31179aea7f8422044b,0.004448398576512456
70b52a4cfc823994561b00bad161b4ed,0.4523364485981308
70c27847eca8195c983ed7e798c56743,0.03317535545023697
70eea00b476a314817cefde4aad4f89a,0.025885558583106268
70f84699be677ec988d1fa824aef7d90,0.4012875536480687
71039d19d4303bf9054d69e9a9236699,0.06741573033707865
710e3548e02bc1d2831dfc4f1b5b14d4,0.025885558583106268
71271995e85f5b8530be99ed54a91b89,0.24326241134751772
712e6ed8aa4aa1fa65dab41fed5737e4,0.1320754716981132
7139dc5186aa238b006e066d8fbab2e4,0.10864393338620143
713e3a23ca5e47786eb6f0d99f94cfac,0.3949843260188088
7142540dd4c91e2237acb7e911c4eba2,0.004448398576512456
714b9a1332840f257b49f476bea4e341,0.24326241134751772
71592660bbcb6a4664e97b6f8b68babc,0.24326241134751772
715bbd5ba4e6b74cb0d2f29eb45058b0,0.0423728813559322
7178f9f4dd81dcef02f62acdf8151e01,0.004448398576512456
717b78b0950b51ed00b1471d858b0edc,0.2577962577962578
7202e2ba20579a9bd1acb29e61fe71f6,0.07865168539325842
72146da5774cabf2632faedcae097a76,0.2577962577962578
7238a95bb63ef7e498389fb863b834a1,0.4012875536480687
7238f877570096ae403c51898fa64566,0.3949843260188088
723a46b89fd5c3ed78ccdf039e33ac63,0.5734265734265734
723cd880edaacdb998898b67c8f9da30,0.18235294117647058
72431a818f97fe6ab9c81eee3e297e54,0.4075342465753425
725c32fa80c2faacc4fc88450d27314e,0.016597510373443983
7299e27ed73d2ad986de7f7c77d919fa,0.004448398576512456
729b2d09b2a0bdab221076327f13d050,0.185
729f06993dac8e860d4f02d7088ca48a,0.025885558583106268
72bc2cce903c872fe376a8faaa81d237,0.2577962577962578
72c38a04bd6a1c3dbc5298425a0db86d,0.4075342465753425
72c5da29406b4234927b81855e7b64f6,0.1891891891891892
730937bf88cb151eb2eb849f642fc213,0.03317535545023697
734def04b237117a09321dd6d8f3f2a2,0.4075342465753425
7354220fb240bde543b3c40c060d41e7,0.24326241134751772
7357b52d27cbaa90f81a96cbc1279396,0.20056497175141244
739c7d7be81f63812dea0d1b1451c651,0.5734265734265734
73a63f72308aa20a46f4b1632018f196,0.07865168539325842
744dac408745240a2c2528fb1b6028f3,0.10864393338620143
74636e24f01da9268b0ed88dacd8513e,0.4012875536480687
747e73c01a4593d4cf60dcf970fd2689,0.3949843260188088
74871d19219c7d518d0090283e03c137,0.10810810810810811
7494d0dcba8551df6cf37f1b905dc2f7,0.5734265734265734
74bafed391319577bce6f4d2acc0589a,0.5460526315789473
750303a20e9c56b2a6bc45cdce0b897d,0.016597510373443983
751bdc4d83a466c7206cd42e8f426b03,0.10864393338620143
7586919161935337bf6b6d7ff5779648,0.24326241134751772
75a4764c108403a7a0575140cb22287c,0.24326241134751772
75fbb52eda0cbc24f479d3b2fbfa8d3e,0.0
761681a821d8275bc79f552116d06869,0.4075342465753425
7681ef142fd2c19048da7430856b5588,0.1320754716981132
768de2a4fc06aacecb9a586ccc30746a,1.0
76c47a299e4a8fe992316a85865acbe9,0.20056497175141244
76d5af76d0271110f9af36c92573f765,0.004448398576512456
76d64c4aca3a7baf218bf93ef7fa768d,0.016597510373443983
76de363de16dacc923eec8daf91df504,0.4075342465753425
76ea5315acb3f5f7ade3cd261faf922a,0.0
7722b1df1b0e383e000397b2c11e3e19,0.016597510373443983
77530e9772f57a62c906e1c21538ab82,0.004448398576512456
77a515caa36327151d1cc6c32a9f00e1,0.24326241134751772
77e4abfd739aed9c46480f90f81c0eb4,0.10864393338620143
77fccaae319668a8ab6cd0fd16aec48c,0.1891891891891892
7816cd9c5b1238e320545f5bf7eb80e8,0.4075342465753425
78744a20ee2f80ba64f6804c25def2b8,0.5460526315789473
788e857f317e53de488d393e65a80f45,0.0
7901646fdd36a55f564ffaf2dbccaaf7,0.24326241134751772
79a679c36c08d606b3fd47ead9de109b,0.3949843260188088
79ebd9a61bac3eaf882805ed4ecfa12a,0.004448398576512456
7a241947449cc45dbfda4f9d0798d9d0,0.07865168539325842
7a2d2949aea47fab95fd98d6c9f618b1,0.24326241134751772
7a67c85e85bb2ce8582c35f2203ad736,0.004448398576512456
7aa538dd6e114e503a2e6154ea352253,0.4012875536480687
7ad32824caee82087b3e2e5f33b1bf32,0.10864393338620143
7ade73f1b9b4e965f9009a4c3a7e2c15,0.03317535545023697
7b07b3c7487f0ea825fc6df75abd658b,0.10864393338620143
7b0df942f46435babab05d49b744b2c4,0.1891891891891892
7b1222c3624aa89b9558b50a2594188c,0.24326241134751772
7b7f91e98f8c6def45a1407923304402,0.2577962577962578
7b8e8ec35bad4b0ef7e3963650b0a87b,0.0
7b98de631987e26dd6d803490c43a13c,0.5734265734265734
7bac63f6603d382cc8d0832eb6c100a8,0.10864393338620143
7c1fea10b5b006671d608b1d7c446ec4,0.0
7c4618c82226628831613e95e9c22f44,0.0
7c462184585ae80bd6e5774c62ce50f2,0.5734265734265734
7c5b05cbdb5542049f38d90d7815b97d,0.0
7c67e1448b00f6e969d365cea6b010ab,0.013333333333333334
7d13fca15225358621be4086e1eb0964,0.0
7d294cf9a6a69dc6a0c3e540fff0e039,0.5734265734265734
7d456afc660226829370f3173d14520c,0.016597510373443983
7d76b645482be4a332374e8223836592,0.004448398576512456
7d7d2b7a51328016102d4528c411d630,0.04285714285714286
7d948535954aaf8c5d39db007f74372e,0.4523364485981308
7daca0837f033a41a6f3428c18657533,0.18235294117647058
7dc8c42cc750eeafea6c85712ffee9bf,0.1891891891891892
7ddcbb64b5bc1ef36ca8c151f6ec77df,0.025885558583106268
7df1fc11cc5cbc518b39faa60cf5d67c,0.4012875536480687
7e1fb0a3ebfb01ffb3a7dae98bf3238d,0.025885558583106268
7e3f87d16fb353f408d467e74fbd8014,0.185
7e93a43ef30c4f03f38b393420bc753a,0.004448398576512456
7ea5bfa6c340f58f8e71fc1f0412b0d6,0.025885558583106268
7ecd59e5e20407131822c1a68ac59c1f,0.07865168539325842
7ecef8194babfec876ca720714327841,0.10810810810810811
7f152321c60a266edc53af1925ef96c1,0.07865168539325842
7f2617c58d5d06806987308b45654351,0.1891891891891892
7f5e4d5efad7e44b91115dd1decb65f3,0.5734265734265734
7f7b8245c336066a1f9933c359f11d77,0.03317535545023697
7fc87cc3e89b3d1d5cabdca32f8485aa,0.06666666666666667
7fdb0720c8d7c9075538b365dc8c3a22,0.18235294117647058
8060d731897e33b5c5ae575ce1e209e1,0.0
8090490573c6c0aa343a7231ebcb8c86,0.1891891891891892
809413606dbfe5deefd2db646693ef67,0.48109965635738833
80e6699fe29150b372a0c8a1ebf7dcc8,0.025885558583106268
80f2cf9abf6b5a0e5c612b5eea6646e6,0.18235294117647058
813348c996469b40f2e028d5429d3495,0.185
81336a0f57a33776419727a300249e90,0.1891891891891892
8160255418d5aaa7dbdc9f4c64ebda44,0.004448398576512456
817245bcc3badd82bbd222e0366951a6,0.07865168539325842
8185694b58b2ba6de20fd41ae608bbea,0.10810810810810811
81a1104df0f08b59c68aa5b03cfe398e,0.10864393338620143
820cc752a266cdc6c1a1e61dd4583330,0.24326241134751772
821fb029fc6e495ca4f08a35d51e53a5,0.1320754716981132
822166ed1e47908f7cfb49946d03c726,0.06976744186046512
822bad9bc42b51213ba522fe87b7ab5d,0.10864393338620143
827f8f69dfa529c561901c4f2e0f332f,0.2577962577962578
82cb9f452fe8334df74b22d37824b431,0.03571428571428571
830379336fad8c6f3b15a4a3ddb5c66e,0.4075342465753425
834f3294fba9f932f56edc879193f925,0.24326241134751772
834f8533b2ecb6598dd004ff3de7203a,0.10864393338620143
83645b1645cdee8953ee54c29ceed564,0.48109965635738833
8378eb36b6b70c5734e83ad7b8cdc3b7,0.24326241134751772
83a75eea11694e36e56dd0cb2240229a,0.3949843260188088
83b08de96980757220871b31bf6cffca,0.48109965635738833
83c8aafbefb034674a70de0eac5b8954,0.5734265734265734
83deb69e889cf80f82be1dc6d5f2d486,0.025885558583106268
83f2b4881141ce3fcd4e985125d3279e,0.7727272727272727
8444e55c1f13cd5c179851e5ca5ebd00,0.025885558583106268
845e8036c3f7bf62099352f5ed910240,0.20056497175141244
8476243f92442881ddd5b578975cf115,0.24326241134751772
85044848b1b767db2a4a58526adef4b4,0.48109965635738833
850913d59ce317156b00f3705f1c3edb,0.03317535545023697
850f4f8af5ea87287ac68de36e29107f,0.004448398576512456
851773c885feb5e2da3b4f82bc2b17ce,0.24326241134751772
855668e0971d4dfd7bef1b6a4133b41b,0.004448398576512456
8581055ce74af1daba164fdbd55a40de,0.10864393338620143
85cc55e048b6bcc90c75afe7f0e72f72,0.20056497175141244
85d9eb9ddc5d00ca9336a2219c97bb13,0.004448398576512456
8602a61d680a10a82cceeeda0d99ea3d,0.08333333333333333
8629c241b3622ac12cd4118afdc8d394,0.24326241134751772
863d2ebcd347ce4922de7a0f9a5581d6,0.1891891891891892
8648b1e89e9b349e32d3741b30ec737e,0.004448398576512456
86bf77bdb52e615674772d5817c6212f,0.4523364485981308
86ccac0b835037332a596a33b6949ee1,0.016597510373443983
86ff3eaef0267069cc891a2ed9d10a17,0.7142857142857143
870d0118f7a9d85960f29ad89d5d989a,0.07865168539325842
87142160b41353c4e5fca2360caf6f92,0.004448398576512456
87b740daf17b5d1be335a64164ec6842,1.0
87d30a6a0cbf89356e49324971ab1d24,0.010101010101010102
87e24fc7052259b1f7f607d61c10d8be,0.4075342465753425
883dd81e82754ac2c65e9790a7db8c9a,0.48109965635738833
88460e8ebdecbfecb5f9601833981930,0.0
88ae906ea2acf6971f26c3e8b7cb4357,0.2823529411764706
88cf19ec1fc2c58f161aee259d57142c,0.20056497175141244
891071be6ba827b591264c90c2ae8a63,0.185
8931a84a914b3fe9b1ddaa4d704947ca,0.24326241134751772
897060da8b9a21f655304d50fd935913,0.004448398576512456
89757206b887aed36f3e18d858460fea,0.5734265734265734
89a51f50b8095ea78d5768f34c13a76f,0.03571428571428571
89dda63a3c907c468ec88c310ed91213,0.5734265734265734
89f69225956f951295ca4c7fb1266553,0.04285714285714286
8a130737016f838139d31878787a39c9,0.025885558583106268
8a2d12a90e92f012ce5226fc6592b653,0.07865168539325842
8a40ae794fa3f9892cee24bd5af0488b,0.5734265734265734
8a432f4e5b471f8da497d7dc517666e2,0.03317535545023697
8a9260f2b0340411d6d2a56bcf4f7378,0.18235294117647058
8ab42aa58097fd4668d60cc648225d5f,0.07865168539325842
8ae520247981aa06bc94abddf5f46d34,0.004448398576512456
8b181ee5518df84f18f4e1a43fe07923,0.5734265734265734
8b2492b7ff4468839593fafeed55bad9,0.07865168539325842
8b28d096634035667e8263d57ba3368c,0.004448398576512456
8b2d4ab22f42c5cfc338b846decfda60,0.48109965635738833
8b321bb669392f5163d04c59e235e066,0.004448398576512456
8b655f0855926bcb49f5835d38dfddf6,0.4075342465753425
8b8cfc8305aa441e4239358c9f6f2485,0.3949843260188088
8b9d6eec4a7eb7d0f9d579ce0b38324d,0.0
8bb48dc19fccaa8613b6229bf7f452a2,0.004448398576512456
8bd0f31cf0a614c658f6763bd02dea69,0.10864393338620143
8bdd8e3fd58bafa48af76b2c5fd71974,0.24326241134751772
8c0de775f52fe41590b376a3b7c50f68,0.24326241134751772
8c16d1f32a54d92897cc437244442e1b,0.185
8ca1551acf9832a4cf467bbbac15851f,0.18235294117647058
8cbac7e12637ed9cffa18c7875207478,0.0423728813559322
8d46553a36e68f95350a200c12f8f2e2,0.4075342465753425
8d79c8a04e42d722a75097ce5cbcf2ef,0.4075342465753425
8d899e15a5925f097cca50faa49b15e3,0.4075342465753425
8d956fec2e4337affcb520f56fd8cbfd,0.004448398576512456
8daab2245ebdc277c51098d01c5ad8ef,0.1891891891891892
8dfbc5ff27df12f6cef751d3b9554222,0.4523364485981308
8e4f041ff58e7845456d3482524014b3,0.48109965635738833
8e6d7754bc7e0f22c96d255ebda59eba,0.10864393338620143
8e8a7ce9f2f970dc00e2acf6f6e199f6,0.025885558583106268
8ed8ea9a57c862f2c18c2fe41f601d56,0.03317535545023697
8f119a0aee85c0c8fc534629734e94fd,0.06976744186046512
8f2ce03f928b567e3d56181ae20ae952,0.004448398576512456
8f54d64f28a993550aa7943f12572959,0.1891891891891892
8f580d36c1e9d6fbce95283403c7d447,0.24326241134751772
8f78f0903005064036736c7173a5c2ed,0.24326241134751772
8fbd63429be6d3e5e6d1a709b6464802,0.18235294117647058
8fe8786ee000001ab51d030dfd4a7bf1,0.3949843260188088
8ff1a9df749e454105c55cda13e79143,0.24326241134751772
900ba814c251a692506d7834c1218441,0.025885558583106268
901b460cdce0c64e471230d7f2f9f3a3,0.3949843260188088
903037660cf848a717166eb7a06d616e,0.10864393338620143
90b57083da5d803237da74daec6dcb2b,0.4012875536480687
910a922b426b7ff95eaee129ad6c0e1f,0.20056497175141244
9140bd1d9de28b197dce077bdd687438,0.4075342465753425
916c9de0b5ad957346eeeb12f332687e,0.1891891891891892
9198786624eaeb375793215cad26cfa6,0.18235294117647058
91f0eec23d4a61d7d7caeefa3f0ad1ca,0.1891891891891892
91f5779a8731baca4809fdeade81803f,0.24326241134751772
921323538c9f1c4e816f2720eac02bea,0.10810810810810811
92d14edfb62ee5ae7fdff70b0f4e7233,0.2577962577962578
92eb0f42c21942b6552362b9b114707d,0.06976744186046512
93b9a99027bd8bd6af682aff18dd19bf,0.24326241134751772
93dc87703c046b603023e75222018b45,0.025885558583106268
94231344608e603693b0a8891143f65d,0.4075342465753425
9449f25aeaf531019b76999ea49a6949,0.4075342465753425
94b9108d4b637ba65bb4f1e53cfcf8d8,0.48109965635738833
94d76e96eedd976258cd3278ce56d5f2,0.5460526315789473
951e8cef368f09bb3f3d03c00ca4702c,0.03317535545023697
9539213aa8e023c01937bef95dc006da,1.0
955fee9216a65b617aa5c0531780ce60,0.013333333333333334
9596c870880d900012f2e8e6e30d06d7,0.1320754716981132
9599519be538b98748162a2b48248960,1.0
95e03ca3d4146e4011985981aeb959b9,0.004448398576512456
95ec4458365c4d11f452ccf538377619,0.0
95f83f51203c626648c875dd41874c7f,0.0423728813559322
960945e1a9535cbc0cd6ddd35fbe7ae8,0.0
9616352088dcf83a7c06637f4ebf1c80,0.03571428571428571
9646c3513289980f17226a2fc4720dbd,0.2577962577962578
96493fab2fbb13a14d0c0e8772eef5c3,0.10864393338620143
966cb4760537b1404caedd472cc610a5,0.03317535545023697
9674754b5a0cb32b638cec001178f799,0.016597510373443983
96804ea39d96eb908e7c3afdb671bb9e,0.10864393338620143
968268a686aa05d1f529fb07dff08130,0.24326241134751772
96f7c797de9ca20efbe14545bed63eec,0.4075342465753425
972d0f9cf61b499a4812cf0bfa3ad3c4,0.025885558583106268
973f21788dfab357250f69a8dcb7ddee,0.24326241134751772
974cf2cb8f4b7add98709c30df02fe10,0.07865168539325842
97512d3fc193b2d1dfcdba0f9d1f0f8a,0.24326241134751772
977f9f63dd360c2a32ece2f93ad6d306,0.1320754716981132
979e9f8b5b39dd243a2550c8b05aecf0,0.3949843260188088
9803a40e82e45418ab7fb84091af5231,0.0
98115075dd26cb8835946fc6086f5d30,0.4075342465753425
985c92cc412091f8529c12d7f23d3fef,0.04285714285714286
989becdce12ebc39863c2bceab6f3ca1,0.24326241134751772
98dac6635aee4995d501a3972e047414,0.016597510373443983
99002261c568a84cce14d43fcffb43ea,0.10864393338620143
9906e7aa42a3c067b7c9a564d01c4320,0.1891891891891892
994f04b3718c2bab35c2adfa8afecd2a,0.016597510373443983
99a54764c341d5dc80b4a8fac4eba3fb,0.03317535545023697
9a03a4e9eb0b947652fae4f6121a3f5e,0.24326241134751772
9a1aea68d3efa00862ec88c0768037d0,0.18235294117647058
9aa388272ee334b6ae07bc73706e254a,0.4012875536480687
9ac4f14370b1e24ddc58be041b7f99df,0.6133333333333333
9add47bf45ce8e8c7db6b9cf670b1e09,0.1891891891891892
9b00ed88b7fdb95d6ff76e27c1b52d16,0.0423728813559322
9b013e03b2ab786505a1d3b5c0756754,0.004448398576512456
9b522ba7eae9e1d04082f267144583cc,0.4075342465753425
9bade61a92bed55a25d2b67b9f4ed739,0.20056497175141244
9baf5cb77970f539089d09a38bcec5c3,0.0
9bc484c87d79cd4874e05ca182658045,0.24326241134751772
9bcdfa7b615b3abb9461d9e3ad9886ae,0.3949843260188088
9c068d10aca38e85c50202e17b4a7e88,0.1891891891891892
9c0e69c7bf2619675bbadf47b43f655a,0.10864393338620143
9c1c0c36cd23c20897e473901a8fb149,0.20056497175141244
9c3c24eca51c52b91c1de727d2a2ae06,0.48109965635738833
9c690ceacd5c66731bf443ea810195cb,0.2577962577962578
9c7fd21e0aa159b20da593371f08ff7c,0.4075342465753425
9cad4b68bb993ee401a3c5aaa2bc26dd,0.3949843260188088
9d39404483343dd55c7ae254494d8388,1.0
9d4db00d65d7760644ac0c14edb5fd86,0.004448398576512456
9d5604a1f112324ad6b2aa552122e0fb,0.185
9d5a9018aee56acb367ba9c3f05d1d6a,0.24326241134751772
9d681c7e12db302cb261e721040dde65,0.04285714285714286
9d7a1d34a5052409006425275ba1c2b4,0.2577962577962578
9dda5bbacd45e18d6485fee649205d09,0.24326241134751772
9df5750209b83567ec144eb299d7d634,0.24326241134751772
9e6229250fedbe05838fef417b74e7fb,0.025885558583106268
9ed65337433adfbedefd23dd76eaa494,0.10810810810810811
9f505651f4a6abe901a56cdc21508025,0.004448398576512456
9fc70243fb26800cba56e8f014797004,0.24326241134751772
a00824eb9093d40e589b940ec45c4eb0,0.5460526315789473
a066df7361163e7ddc5d7452dd17448b,0.07865168539325842
a06c8ff043abea0528ee44171e2140a2,0.2577962577962578
a080fc8a850289b27500f6b49cca2553,0.10810810810810811
a0d7fbb07bb5ebc3b05980e750db56f3,0.0
a1043bafd471dff536d0c462352beb48,0.025885558583106268
a13580f0e8f782b7a543885a0ef99f08,0.18235294117647058
a1544b9ea0b2390e020537d4daa89049,0.48109965635738833
a17f621c590ea0fab3d5d883e1630ec6,0.185
a20d8058c866dbaeca014d2cd20ac62e,0.4012875536480687
a213f1bd6458f4a158f3746cb2514559,0.4523364485981308
a218df5c097b0ca409cfaac1488cc7f6,0.20056497175141244
a254c682cc01e119f83530446f1df9a9,0.2823529411764706
a2b5b6105ea5942300631d2e76f4ffe0,0.4075342465753425
a2deecd5398f5df4987110c80a1972a3,0.03571428571428571
a2e874074c877c5a05abae80ad6e488f,0.03317535545023697
a369d693961cb93b61ca2cc518872a85,0.1320754716981132
a36b125ac6d5fdbc7f50de85c9157bdc,0.24326241134751772
a3a38f4affed601eb87a97788c949667,0.004448398576512456
a3dd39f583bc80bd8c5901c95878921e,0.1891891891891892
a3e9a2c700480d9bb01fba070ba80a0e,0.004448398576512456
a3f0b55de503387383c7b1de3ad7f678,0.1320754716981132
a3fa18b3f688ec0fca3eb8bfcbd2d5b3,0.5734265734265734
a414555ce331b8c8aea4a9cb8395194d,0.24326241134751772
a416b6a846a11724393025641d4edd5e,0.004448398576512456
a420f60ff1aa9acc80d0e42959f2b313,0.025885558583106268
a425f92c199eb576938df686728acd20,0.24326241134751772
a44fb5a447105f8469bdf16bf9159f25,0.10864393338620143
a49928bcdf77c55c6d6e05e09a9b4ca5,0.025885558583106268
a4bd6e9adf39b63f43dc545d3ca1f53d,0.4075342465753425
a4fc6eadaff1576af888509a53420f6a,0.4075342465753425
a5259c149128e82c9d6d46e0c1c812bb,0.5606060606060606
a56e351445e5863fc8960640ba9190c7,0.9
a5a1bfcf728ab0e19182959cf0771ee4,0.10864393338620143
a5cba26a62b8b4d0145b68b841e62e7f,0.025885558583106268
a5dd1946fb63ada8bcaa0c9cd8f11e22,0.4050632911392405
a61cc04793308395a840807104365121,0.5734265734265734
a663d9c3797e90eac99ff60939416a56,0.4075342465753425
a673821011d0cec28146ea42f5ab767f,0.004448398576512456
a67780aba9dd436e7ac0aa1f889e73ec,0.48109965635738833
a6bd7d1ccdac48c6b33b28596b7eb122,0.24326241134751772
a6fe7de3d16f6149ffe280349a8535a0,0.0423728813559322
a72c2f59332659e361d647515c698798,0.24326241134751772
a7a9b880c49781da66651ccf4ba9ac38,0.5734265734265734
a888faf2d1baececa6baf9c3d603ee1f,0.24326241134751772
a938325a4b357fd23a6a4d5bb126408e,0.1891891891891892
aa1eb17b9fdf6dfd546e25c45c7b9235,0.4050632911392405
aa2640d851ec322526f1295bbeb20092,0.4075342465753425
aa762680c40618316a896838866140ea,0.2823529411764706
aac29b1b99776be73c3049939652091d,0.185
aae3bfea055532c57fb453ed3ec80b30,0.42857142857142855
aae5e7b457a3c72ee230a47d98fceda5,0.20056497175141244
aaed1309374718fdd995ee4c58c9dfcd,0.07865168539325842
aafe36600ce604f205b86b5084d3d767,0.025885558583106268
ab3e0c171fe84a7ba7de130f19cfb485,0.4012875536480687
ab91571efab27993ff2f6b36e38055c3,0.48109965635738833
aba1721a889e04decc910aa13b768ef4,0.016597510373443983
abbf6046bbdf1028606a5bc7f00c99e7,0.24326241134751772
abcd2cb37d46c2c8fb1bf071c859fc5b,0.016597510373443983
abe42c5d03695b4257b5c6cbf4e6784e,0.016597510373443983
ac3508719a1d8f5b7614b798f70af136,0.016597510373443983
ac6417315ae5da8f9a38ee11de6f7780,0.6133333333333333
acadd4d36859671cb635527c6c977533,0.1891891891891892
acb6c2ca5c82411c1fdb88d5fd5eb95e,0.4523364485981308
acce39e832338debb07b02385cde5967,0.5734265734265734
aced59e9b31ef866a94f9e7f29d8d418,0.025885558583106268
ad273c9eb54ecb4532de4bf75bae9e4e,0.4012875536480687
ad420dd0c4f92f8af951ac24b86d0cf5,0.1891891891891892
ad781527c93d00d89a11eecd9dcad7c1,0.1320754716981132
ad97a199236354e53fcd91a5a913e9a2,0.1891891891891892
adbc26658d6c7b4b6219f9d934598091,0.025885558583106268
aded58c8142dedc5494a81f948431fab,0.04285714285714286
aeb36d67f1414f234d42a29e27cf1f17,0.5460526315789473
af3ef48d0e13835e529c29ac573c63e5,0.0
af4a0e4cfe1d9c26b6712b1be25a72e5,0.10864393338620143
af7cdac9d9897cddead9c6b08976c642,0.03571428571428571
afa6714acee029b2dfdf357e5579cc03,0.18235294117647058
afe0067131b73e40875c9b6c10bd2e21,0.2823529411764706
b0398568231ba5e6734af1881671a317,0.18235294117647058
b080809eaacb49e5ca07290981472431,1.0
b0b346d3a89f5eb4c2968af3f083cd43,0.2577962577962578
b0f2a6122a90a93eb03e68653dd960e3,0.4075342465753425
b1204cfda1d4948679db3cfc0d3cb95c,0.4075342465753425
b14db04aa7881970e83ffa9426897925,0.10864393338620143
b16d3dadc47d4eb18be3d88bad0775ce,0.4075342465753425
b17b679f4f5ce2e03ce6968c62648246,0.07865168539325842
b18871c324516afa228a13e8f1ef0ae9,0.24326241134751772
b18dc380845b24038cfc48006478f099,0.10864393338620143
b19f3ca2ea475913750f25a5c37c8d8f,0.24326241134751772
b1a81260566c1bac3114a6d124413f27,0.03317535545023697
b1fc4f64df5a0e8b6913ab38803c57a9,0.025885558583106268
b2479f944e1b90cf8a5de1bbfde284d6,0.06976744186046512
b26741d31a563d769b4af0465ab20c56,0.4012875536480687
b274baf5bbd142410eb2958cf685d684,0.4523364485981308
b29d3380981c51df13fc6fbe87e1763d,0.4523364485981308
b2ac621f0d0322434d04a12b078b9369,0.10864393338620143
b2ba3715d723d245138f291a6fe42594,0.004448398576512456
b2c97074649f92197d9387d9033dda5f,0.2823529411764706
b32be1695eb7ec5f10f72d9610a12527,0.025885558583106268
b33aaadd1a8891d2dfef0c4c3bdf0371,0.10864393338620143
b33e7c55446eabf8fe1a42d037ac7d6d,0.004448398576512456
b347677812ea483b0f528eaf8cbc09b7,0.07865168539325842
b372ee768ed69e46ca8cdbd267aa7a38,0.025885558583106268
b39d7fe263ef469605dbb32608aee0af,0.07865168539325842
b3b17aab11f273023a5f22ca52e1eb70,0.24326241134751772
b410bdd36d5db7a65dcd42b7ead933b8,0.0
b43d8b707f887a30f4675391098354a0,0.4075342465753425
b44dbfbf62e52125f3c15d230569ea91,0.4075342465753425
b499c00f28f4b7069ff6550af8c1348a,0.004448398576512456
b4a476fbd28de64b1e347abf9089366a,0.3949843260188088
b4f8921fcc4ff77b66bea6dda43dcd51,0.5460526315789473
b4ffb71f0cb1b1c3d63fad021ecf93e1,0.004448398576512456
b55638ad525e906c698fa2ce742c1742,0.24326241134751772
b561927807645834b59ef0d16ba55a24,0.06976744186046512
b566ab0ef88016e00422755e305103c6,0.3949843260188088
b56828a9f9027f3c918c04ca720d9e3c,0.4012875536480687
b56906f7fd1696e043f1bcce164c487b,0.185
b5abf4f36adc043117b4fca82c22984c,0.2577962577962578
b5b800c4065bebf4d3442311c9857344,0.4523364485981308
b5bb2b985208834bd5bd86c7a402bbad,0.4012875536480687
b5d034ac251546e25afe9067f05c1539,0.4523364485981308
b64d51f0435e884e8de603b1655155ae,0.7727272727272727
b6d44737c043328708f6749c2dbe50bd,0.10864393338620143
b6e1504972665f739dec4facb9943775,0.24326241134751772
b6f52e346160519c24a23af05410ad32,0.4075342465753425
b74d1c09cb380e1d03a6f859c6f4224b,0.10864393338620143
b76dba6c951ab00dc4edf0a1aa88037e,0.0423728813559322
b8114f2f589a6804810f04f99b36b498,0.18235294117647058
b839e41795b7f3ad94cc2014a52f6796,0.03317535545023697
b83cedfb587e7911540e3f576d6917ce,0.24326241134751772
b8555308bfdb4ca1ed54325a58da9a97,0.07865168539325842
b8578d2d823bd8e251f6fdd02b40902d,0.18235294117647058
b8630e1121437d41cb08e3c749c2c2e2,0.1891891891891892
b87a7ea0c30fad2dd6781b74a0064859,0.08333333333333333
b8a0adc91af209270c2c725168eb00fd,0.2577962577962578
b8bc237ba3788b23da09c0f1f3a3288c,0.025885558583106268
b906dd0e57f282c7089171b6ed07982e,0.4075342465753425
b90e891671cffd9557f33a97dc523645,0.07865168539325842
b92e3c8f9738272ff7c59e111e108d7c,0.025885558583106268
b94cc9f10ddc85e4ba73a6f7974e7101,0.03317535545023697
b98b715fe9e276204e2a3464f48cd796,0.4075342465753425
b9a03475e6447e631b6799ec8274800f,0.24326241134751772
b9ca8e8baa5d4aa038394a700f63e69f,0.18235294117647058
ba143b05f0110f0dc71ad71b4466ce92,0.03317535545023697
ba5daa4041e1f15cdf34b76e3e18a450,0.08333333333333333
ba6b4a237f92479743cf0ca06b67a9ac,0.7142857142857143
ba6ce6de456f6c11d08c17701ba5c26f,0.24326241134751772
ba90964cff9b9e0e6f32b23b82465f7b,0.10864393338620143
bb135baca94c82fcb731335ad5b04a03,0.5606060606060606
bb2afe2061d53c6968aa0cffa233a8ec,0.0
bb5bd94c8f59cc050072d2930c869cac,0.24326241134751772
bb7a14e229b1c95156719c3d9552eeee,0.10810810810810811
bba3293d6f5d5af2f415e004e8b93ae3,0.10864393338620143
bba74270a87732727b5a3b4fd9ac1c39,0.07865168539325842
bba8d0c234a52b87b3957037a215d1a4,0.4075342465753425
bbad7e518d7af88a0897397ffdca1979,0.025885558583106268
bbaff50f3b708fda865918715276cd87,0.05263157894736842
bbe87dce25ba8b38bb61cc7210a3f10b,0.5734265734265734
bbf9ad41dca6603e614efcdad7aab8c4,0.24326241134751772
bc07d855eac23aab5ac8a120f21d16b2,0.1891891891891892
bc2ac6b95e1accce9858528ee566c17e,0.10864393338620143
bc302730ea8cf49b5c74f579febb5bbf,0.1891891891891892
bc30de0d71bd6260b936a026b5cf7200,0.06666666666666667
bc39d8938f90a3a2b98193723ed59774,0.4075342465753425
bc47d5d1490df2b36add65d733eafaba,0.185
bccf933e006e9b94a6184af782963e77,0.10864393338620143
bd0389da23d89b726abf911cccc54596,0.004448398576512456
bd15ee794d5e640d9dd71b665b2ab15b,0.2577962577962578
bd1d49a326abfa9b1036772e40445430,0.0
bd23da7354813347129d751591d1a6e2,0.025885558583106268
bd4431c1a8dfa744b59e1e2a8bc99b9e,0.18235294117647058
bd4889b5e9133b35b66e42a8665cea5c,0.07865168539325842
bd697db56ff8e7c9cd1abeb7f72029b2,0.18235294117647058
bdae679a9b282249bc23b9b69dae9a99,0.2823529411764706
be3b4b0f050a6aa1b2d901c4b77e979f,0.4012875536480687
be67f78487e2cecb0d55bc769709e4f5,0.4075342465753425
be8e909810184b9b19e886129149d8e5,0.1891891891891892
beadbee30901a7f61d031b6b686095ad,0.4075342465753425
bf3c6d2a28b2b5501e6c15448982dcc9,0.24326241134751772
bf84056e679dbe9c69929847a40e338f,0.03317535545023697
bfd27a966d91cfaafdb25d076585f0da,0.004448398576512456
c003204e1ab016dfa150abc119207b24,0.025885558583106268
c00396cbdd2e088fe4281baa5920aef1,0.5460526315789473
c0098efcf800861dcae589affca31408,0.24326241134751772
c013e57c075a06e5b5c48ee03c525719,0.185
c03121937e54a93fcc1825c3098bbb6e,0.24326241134751772
c0563dd588b775f2e37747ef6ad6c92c,0.1891891891891892
c12b92bf1c350f3e6bf88d3596219c86,0.1891891891891892
c1ed9e3daf6154542826a6996af0fb8c,0.4012875536480687
c240c4061717ac1806ae6ee72be3533b,0.4523364485981308
c26a2be5b53b7db6b276280da212a779,0.24326241134751772
c2d70ce2c5d0a2eb75e78668236e6dc8,0.2577962577962578
c31eff8334d6b3047ed34bebd4d62c36,0.0
c32fc744b9160ac853450488e3cfea93,0.0
c33847515fa6305ce6feb1e818569f13,0.06666666666666667
c33a5c3c983090c8b78a28e65052a20d,0.24326241134751772
c35672b10ad50968f567ea3f4b91e877,0.185
c35affa65afd250151285c5917fc1c8a,0.24326241134751772
c37b2059d4f90d4feead554e5246565e,0.10864393338620143
c3867b4666c7d76867627c2f7fb22e21,0.10864393338620143
c394e193cda3b4225ff2094d32184849,0.05555555555555555
c398bc00a606d33758afd91f4e64fd15,0.0
c3acdfac4e3e97ff87529454fbc03642,0.24326241134751772
c3cfdc648177fdbbbb35635a37472c53,0.004448398576512456
c3e1abd72a42fe690fcd89cf5720fe29,0.20056497175141244
c3f5668699a1b04c0fa61ecea1e2bff6,0.4012875536480687
c4af86330efa7a2620772227d2d670c9,0.0
c4d51195486dc781531876a7d00453d8,0.03317535545023697
c4f7fee5b0db50e87766f5a4d1b1b758,0.0
c4fabeea6e569d42d02993bb1f4f1cbc,0.1891891891891892
c4fb51fb1c5b7c07bc5e67be6e7e8f6e,0.24326241134751772
c510bc1718f0f2961eaa42a23330681a,0.3409090909090909
c522be04e020c1e7b79f3acff36513d5,0.10810810810810811
c54679b132454625907c773d273d4126,0.24326241134751772
c5f7e746b7e6d07def6c0dae9903279b,0.4075342465753425
c60b801f2d52c7f7f91de00870882a75,0.10864393338620143
c6381d2d013342748761e906d45aff76,0.10864393338620143
c66dccfb3f109511246da627dd5a2498,0.10864393338620143
c68fb906c8f4b4b946d8386bfa6e5467,0.06741573033707865
c6a7539d424a8402232c2228d7a03c5e,0.24326241134751772
c6bda72e4dbf5c5866b13cb1810c6d03,0.004448398576512456
c70c1b0d8ca86052f45a432a38b73958,0.0
c714262700f93defc16bf17a51a4cb23,0.24326241134751772
c716e0b86ed568878475b60fbb6323ad,0.4523364485981308
c72de06d72748d1a0dfb2125be43ba63,0.3409090909090909
c731d18cea9bf687ffee82a241c25b11,0.24326241134751772
c794dab4928dd97beb41d05514441e86,0.07865168539325842
c7a0a13cbcf29d5ce51c8f80afdc0b89,0.24326241134751772
c7b7db6c8f3c64a7cc1afa634db21d50,0.7142857142857143
c7fdb77fdbff3c41981bc52f787e959e,0.24326241134751772
c8025364abeecb115431bf95c11a747f,0.4075342465753425
c826c40d7b19f62a09e2d7c5e7295ee2,0.025885558583106268
c840d3fdbba0790404fdae73d253b253,0.24326241134751772
c84592044b180dec206770c38603814b,0.185
c8467937e403e76a8ee9f0ab13f6f5ef,0.185
c864036feaab8c1659f65ea4faebe1da,0.016597510373443983
c89cf7c468a48af70aada384e722f9e2,0.23529411764705882
c8b0e2b0a7095e5d8219575d5e7e1181,0.004448398576512456
c8b3445d737de6befde0c88ede534a5e,0.025885558583106268
c963a25b8671419c6ce9eebe8fd03218,0.5734265734265734
c9c7905cffc4ef9ff9f113554423e671,0.025885558583106268
c9e5ad1f6647f5dbd1172adf6ae3cada,0.4523364485981308
ca3bd7cd9f149df75950150d010fe4a2,0.1320754716981132
ca77545ca4d2dfd1431bf61334e2fa3c,0.24326241134751772
ca7c6bd577e559472af1c699de9e764e,0.2577962577962578
caa9bc43a9fe8cf9c564ddd8a03cc4a6,0.18235294117647058
cab85505710c7cb9b720bceb52b01cee,0.004448398576512456
cac4c8e7b1ca6252d8f20b2fc1a2e4af,0.0423728813559322
cac4e0bc1a3269fa2b6ea5e763f6115b,0.5734265734265734
cac63f48c38cd7d002a7e846dcd99a23,0.24326241134751772
cac876b37d3abcd6bd76caca30277996,0.10864393338620143
cad10cc982ab6a391570c211b995c17c,0.4523364485981308
cb0b3bcf14e0a709df412a99424a59d7,0.20056497175141244
cb3dd9ce66268c7a3ca7241ac70ab58c,0.3
cb41bfbcbda0aea354a834ab222f9a59,0.1891891891891892
cb6c9f5888a7a090c75beaf615925792,0.6133333333333333
cb8bcce248bb1fb274ba762d8b971456,0.025885558583106268
cbd996ad3c1b7dc71fd0e5f5df9087e2,0.0423728813559322
cbf09e831b0c11f6f23ffb51004db972,0.0
cc3d14116804f7209f3884f6367f1152,0.07865168539325842
cc419e0650a3c5ba77189a1882b7556a,0.013333333333333334
cc5a78bbad32776dc4e3af205218368c,0.04285714285714286
cc63f0dd2acba93ffed4fe9f8e0321fa,0.03317535545023697
cca3071e3e9bb7d12640c9fbe2301306,0.004448398576512456
ccc4bbb5f32a6ab2b7066a4130f114e3,0.025885558583106268
ccf8813e5a7d6c84d865cd38bfc2b130,0.10864393338620143
cd06602b43d8800bd0afad514919d35c,0.24326241134751772
cd68562d3f44870c08922d380acae552,0.10864393338620143
cd6efc47efaabf134f8bdb654e10b4f1,0.10864393338620143
cda598c48d7c614bc1cad7d8ff6f0010,0.1891891891891892
ce248b21cb2adc36282ede306b7660e5,0.004448398576512456
ce616e1913288884e7742faac9d981db,0.25
ce69a8021d18961dd2a40269b7c2c293,0.1891891891891892
ce7d1888639e6fb06b2749cbfdac1ff7,0.025885558583106268
cea729054f157f5870bdd321a958d994,0.1891891891891892
ceaec5548eefc6e23e6607c5435102e7,0.10864393338620143
cee48807215b30a12ca2ca10ffb5f250,0.025885558583106268
cf654707ed6a99f112c7ec3d6f314b8b,0.4075342465753425
cf8ab1616079e2793aa29d524df01bb1,1.0
cfa5ab0e4d3fc212fd0b3410e7081c62,0.1891891891891892
cfb1a033743668a192316f3c6d1d2671,0.004448398576512456
cfe94489ddd337d1e29e12f2a7205d10,0.1891891891891892
d03698c2efd04a549382afa6623e27fb,0.24326241134751772
d05ae8f7a5bd1d2a690a44cd079e4e27,0.025885558583106268
d06d019f72a04e5497a0b64190af170c,0.1891891891891892
d12c926d74ceff0a90a21184466ce161,0.0423728813559322
d197aa8fbc64087f61984deef05f6227,0.20056497175141244
d1b65fc7debc3361ea86b5f14c68d2e2,0.18235294117647058
d1b9d4be4b6f9ebd85f8acd6745ba612,0.24326241134751772
d1c281d3ae149232351cd8c8cc885f0d,0.004448398576512456
d1c7fa84e48cfa21a0e595167c1c500e,0.1891891891891892
d1ef48b38baca7e831711c4a0aeb398f,0.185
d20b021d3efdf267a402c402a48ea64b,0.185
d23019c84ffae2d5ef2270367b8605fc,0.1320754716981132
d2374cbcbb3ca4ab1086534108cc3ab7,0.004448398576512456
d25aa0aaacb370e912f8cf6efeba38b3,0.1891891891891892
d29ba1220fb8634fa3a107e54497b8a4,0.18235294117647058
d2df77822373f19934e87694d8640767,0.20056497175141244
d2e753bb80b7d4faa77483ed00edc8ca,0.1891891891891892
d32e3909cfb714fb2a6cb092c85b9c5f,0.24326241134751772
d354c38a7182125a748cb10474fe963b,0.24326241134751772
d3674f271c91f824f82d24d92011f669,0.24326241134751772
d379f449f2a3b271bc01c0782020f705,0.1320754716981132
d3dcf0604eabf0224fbd5948b5e02f69,0.24326241134751772
d3f39f05462b79a4562d35893a28f159,0.10864393338620143
d4e12e7884759a14fa0f5f896c791cae,0.07865168539325842
d4f117125b59ce73c3302f88ee40c458,0.010101010101010102
d4ffeb15b67e81ff9af2b4252d99fb7e,0.18235294117647058
d51e0a403fe2e689ece6c73359d96e12,0.07865168539325842
d52cbce9845184537284a23c3bc3da0e,0.48109965635738833
d558ebe531605a1285ab2b1bc3256dfb,0.4012875536480687
d566c37fa119d5e66c4e9052e83ee4ea,0.03317535545023697
d57e18d5f73c7ccb7f7339b61166898d,0.0423728813559322
d58d521f3789def2e7a22715e0badd93,0.4523364485981308
d5b9a084373da994a6e37f732169a853,0.24326241134751772
d5ba419e26d246a0719437cf37d9b46d,0.07865168539325842
d624126b9206f595fb3fbb6ba03b28a8,0.10864393338620143
d63c73efd41eb002280e7ec831424edb,0.5460526315789473
d650b663c3b5f6fb392b6326366efa9a,0.10864393338620143
d673a59aac7a70d8b01e6902bf090a11,0.0423728813559322
d6ab728cf30867cf3f1a2e216ae2f9b7,0.24326241134751772
d6b1ce66b035a475f00c017792ff9769,0.03317535545023697
d6b664fa0667064c6d76394e7848d790,0.3949843260188088
d71d863e5ef30d94e440c11be17dcd8f,0.03317535545023697
d7485b33791774c36108f8c69602d48d,0.2577962577962578
d7827b2af99326a03b0ed9c7a24db0d3,0.5460526315789473
d85efbc8eff2b7adf524e2820569adc8,0.4523364485981308
d8b8f2cf9ff6ba0389072541cb42498c,0.4075342465753425
d8c7ba53e7e38711eaef8c2849d6d2e1,0.20056497175141244
d8cf3b6a2151949f930d0252b180ec42,0.18235294117647058
d8d9567d0bfb0bc7eb845a205ba42657,0.7
d91fb3b7d041e83b64a00a3edfb37e4f,0.004448398576512456
d921b68bf747894be13a97ae52b0f386,0.03317535545023697
d93844a9c55ba7ce353388bcf849ea56,0.4012875536480687
d93919c944be9cff128f6c9cb899eacb,0.025885558583106268
d94a40fd42351c259927028d163af842,0.025885558583106268
d97df38225e5abadaff1e72cb72b823c,0.3
d98eec89afa3380e14463da2aabaea72,0.0423728813559322
d9a84e1403de8da0c3aa531d6d108ba6,0.06976744186046512
d9bd94811c3338dceb4181f3dbc0c73e,0.1891891891891892
d9c349beabc06aa6ff1c6d68b5e9e22e,0.4075342465753425
d9cb0052a666de5308b32f32ad5f1b1c,0.42857142857142855
d9cd369bffa979d1634f8e1318bf2f1b,0.4075342465753425
d9d43faf741ceaa8da52fdbb81d9e0e3,0.4050632911392405
d9e7e7778b32987280a6f2cb9a39c57d,0.1891891891891892
d9e8c084b68fe958861d8f2c21202e6b,0.4050632911392405
da3fede3469bf49b7293ce3fc45b294d,0.4523364485981308
da6a60cc8cc724fe51be021ff8be779c,0.5734265734265734
da7039f29f90ce5b4846ffc0fcc93beb,0.09302325581395349
da8622b14eb17ae2831f4ac5b9dab84a,0.004448398576512456
dace965ca58120f92f8d742a9fa1864b,0.1891891891891892
daeb5653dd96c1b11860f72209795012,0.010101010101010102
db2956745b3a8e9f3785c99f34b5d25e,0.03317535545023697
db4350fd57ae30082dec7acbaacc17f9,0.016597510373443983
dbb9b48c841a0e39e21f98e1a6b2ec3e,0.010101010101010102
dbbcfe2c8d026742134ac3e28ccde274,0.4523364485981308
dbc22125167c298ef99da25668e1011f,0.004448398576512456
dbd66278cbfe1aa1000f90a217ca4695,0.0423728813559322
dbdd0ec73a4817971d962698f2fea022,0.0
dc120d932ddf9d4dfb6fd68beefda622,0.4075342465753425
dc4a0fc896dc34b0d5bfec8438291c80,0.016597510373443983
dc64d75cc406bb0697be983831430e60,0.4075342465753425
dcb7367a92f5ffb89f1e2152ed260285,0.5734265734265734
dcf3755cefcdc158ad0b7bdde51e871b,0.7536231884057971
dd55f1bb788714a40e7954c3be6df745,0.10864393338620143
dd7ddc04e1b6c2c614352b383efe2d36,0.10864393338620143
dd88d13bea9e4c2bf47daf224f8141e5,0.4075342465753425
dda37071807e404c5bb2a1590c66326f,0.4075342465753425
de09d00cfc265b8804c7df34075a68fa,0.4012875536480687
de0c78824586e9a5f5f04fd84e25df39,0.1891891891891892
de23c3b98a88888289c6f5cc1209054a,0.004448398576512456
de722cd6dad950a92b7d4f82673f8833,0.0
de9727ca376d1be6ec121b110aa7954c,0.4523364485981308
dee656f0f566ed1aa85bd137c943f08f,0.004448398576512456
df0f42bc4c2142eacf0eaf2cffd0cfbb,0.10864393338620143
df560393f3a51e74553ab94004ba5c87,0.24326241134751772
df56d7b40d437f88407c5f78b63bc328,0.1891891891891892
dfa0c4c6229ab200a4a1336b4d7128ff,0.03317535545023697
dfc475d54e1b6dbeeb7d7d9bdaa63827,0.24326241134751772
dfc5fb7259bb2b599ca565e6e9448f0f,0.10864393338620143
e067ad2c1c0b48758eb1b5228bcf7a68,0.010101010101010102
e0878efa0e0b7e5313ac0b43bc04c081,0.10864393338620143
e0a366315b1b726b6c7832d664c0f530,0.025885558583106268
e0b162a693bc7f9eab00f783a31d60ea,0.5734265734265734
e0eabded302882513ced4ea3eb0c7059,0.18235294117647058
e1643dff33666ca629e3644c02738179,0.25
e1c76f339ebd5460999f25a2aa8c92c5,0.4075342465753425
e24fc9fcd865784fb25705606fe3dfe7,0.24326241134751772
e250d617a0ad591ba9bd663e584a895d,0.2823529411764706
e256a62e0ac58c0edfba09966142d561,0.18235294117647058
e2aee0892199b1d92530e371abd825bf,0.1320754716981132
e2c92f9c1c7746d899d18f2e158bbff7,0.18235294117647058
e333046ce6517bd8bb510291d44f0130,0.016597510373443983
e38db885400cd35c71dfd162f2c1dbcf,0.10864393338620143
e3a386fc36e22064434e1fa256f6a9fa,0.185
e3dd723429d1b23614b7fa85e2c7a853,0.24326241134751772
e439f7176d763f92de325271111b2fd5,0.04285714285714286
e48b04bf1aa1ef711caebeb7aede6180,0.24326241134751772
e48cc16ab70bfa09e1401740dce0b3d7,0.24326241134751772
e49c26c3edfa46d227d5121a6b6e4d37,0.1891891891891892
e4ebd3f87bf70440014f07ddda7fbe03,0.24326241134751772
e4f121bf6ef8b9a1d4d3e65dd0473fab,0.48109965635738833
e504a4e2efaa45cbff7e268a2c58c956,0.20056497175141244
e51f22821f0c12a16ad5c020cdcd55e9,0.4075342465753425
e546117ed9cafbc40239c0c78635c584,0.4075342465753425
e5475dcab1e07b63d7f6e902d8f5eda8,0.07865168539325842
e58a5b390e28abc0b216cfb0e07d27d7,0.3333333333333333
e595809a6c31ec4314fd06ef198c244d,0.5734265734265734
e59aa562b9f8076dd550fcddf0e73491,0.025885558583106268
e59e489e2ea74bd409b798b5daf49de3,0.4012875536480687
e5a3438891c0bfdb9394643f95273d8e,0.06976744186046512
e5a38146df062edaf55c38afa99e42dc,0.025885558583106268
e5e33c0d8e7e002f398f5dc4cbbb338f,0.10864393338620143
e601b04acf48b4576e73ddca9481f0dc,0.2577962577962578
e62b2d6ac10570a035a30bafcf01d263,0.004448398576512456
e63e8bfa530fb16910dd6956e592bb81,0.185
e64d65bc8dbec2accda90c58de5d1246,0.1891891891891892
e64ddbe1cbcf4f2fc3092b7c481f3f9d,1.0
e6a69c4a27dfdd98ffe5aa757ad744bc,0.185
e70053bf73d1b5863932e53a9fa47496,0.24326241134751772
e7d5b006eb624f13074497221eb37807,0.10864393338620143
e7df4cd29ab5abab70fb0783ddb53987,0.06741573033707865
e81e1f9c3e762e620f3fb60a51499e16,0.1891891891891892
e82de6494d91d3c4c54450f59b227a94,0.4523364485981308
e84ad2127668df3aafc6b73531a0beb8,0.185
e88165a185134e13fdfc85d4fa654db8,0.4523364485981308
e882b2a25a10b9c057cc49695f222c19,0.1320754716981132
e883aa812c37a7413226856f4579fe91,0.10864393338620143
e88f7a2995ba184710d339c5c4bf2e30,0.4012875536480687
e89c4adbe7b1d0819dbb636e16461cf1,0.10864393338620143
e8a85b5f3df47be0984c55fd4064dbb4,0.05263157894736842
e8b3a3a38279a82f0e5d006d5e5b7d2c,0.10864393338620143
e8b4225284fbb02d16f200513f1f395d,0.1891891891891892
e8dba4d70f7f2b20e775d09cae01142d,0.4523364485981308
e9511df20ccd82658a30c37b7fb343af,0.10864393338620143
e96498ed8daaa3e9c23f7a62da76591c,0.025885558583106268
e9729944ba65dc3ce425e0c5a22ae7b2,0.20056497175141244
e9779976487b77c6d4ac45f75ec7afe9,0.004448398576512456
e9874ae10b2d60d43917b6bbfa13a599,0.4075342465753425
e99e927c81e3f51739c94fcdfca9f10f,0.3949843260188088
e9bc59e7b60fc3063eb2290deda4cced,0.025885558583106268
e9c6969d40e6a3d2d0f90013165c2b98,0.24326241134751772
e9d99831abad74458942f21e16f33f92,0.0423728813559322
ea3ebea5317b0efbc663ecc8ce5e9bc2,0.04285714285714286
ea4e9ce63a2134743b4a92777437fcdd,0.4075342465753425
ea566164622c6b439516ab18062c42cd,0.025885558583106268
ea65d8b58316a6f2362f2a9e4b3e86ad,0.5460526315789473
ea67327e24487bdfac5fbfa37ea124df,0.24326241134751772
ea8482cd71df3c1969d7b9473ff13abc,0.004448398576512456
ead2bab70821ea148476ae9bc08548ac,0.2577962577962578
eb1bf309f4f6af9a97e9ddac3fdbeabe,0.4523364485981308
eb3071b9f0b0ddaa2df5ea130f09f26b,0.3949843260188088
eb4df17aed01d918c65f0f8d650900c0,0.1891891891891892
eb5b6204dde3a6e03b5f1bb8479f055b,0.07865168539325842
eb72802c83dc7547529c9546d1a9b8ef,0.0
eb9267cccc90f1b49c8d2f9887c7dd97,0.4075342465753425
eba88037e1dca898cd02881f67ced679,0.24326241134751772
ebd2d60905fb58271facef5596b620d3,0.10864393338620143
ec5c1d94df153d473b37f880977ae58e,0.5734265734265734
ec80e49e69745ab6c14f984bf2149423,0.1891891891891892
ec8879960bd2221d5c32f8e12f7da711,0.10864393338620143
ececbfcff9804a2d6b40f589df8eef2b,0.004448398576512456
ed4311e67debd72b8610a5347a743087,0.24326241134751772
ed4acab38528488b65a9a9c603ff024a,0.07865168539325842
edb1ef5e36e0c8cd84eb3c9b003e486d,0.004448398576512456
edd066cd02126d7800f9b66e980e9931,0.4075342465753425
ede0c03645598cdfc63ca8237acbe73d,0.06976744186046512
edf3fabebcc20f7463cc9c53da932ea8,0.4075342465753425
edf96ef93ed595084bbcbd9224bd2894,0.24326241134751772
eeb6de78f79159600292e314a77cbd18,0.07865168539325842
eed78ac17f7f795a19a709745f00cd4e,0.5
ef0ace09169ac090589d85746e3e036f,0.004448398576512456
ef506c96320abeedfb894c34db06f478,0.004448398576512456
ef990a83bbea832f36ebe81376335aa8,0.10864393338620143
efcd8d2104f1a05d028af7bad20d974b,0.010101010101010102
efff9341f3f8f5237b44ff67ed36a7bf,0.04285714285714286
f0837c8d71434931d9e38e7b79234797,0.1891891891891892
f0b47fbbc6dee9aafe415a6e33051b3f,0.03317535545023697
f125f3a310c2e5f822d116147de1e474,0.10864393338620143
f12d3c2a14729ae461b920c11fe20fdc,0.0
f12ff17ad8bbf01ec5c33b17e506649b,0.10864393338620143
f181738b150df1f37cb0bd72e705b193,0.10864393338620143
f1b854361f4e15d5851b494df66f22b2,0.5460526315789473
f1b93673502375d491780bb49d615dbc,0.0
f1ed6bd0a9b11b581f16c851c6a5a527,0.24326241134751772
f1fd5ab1181f827ffad998c1a5de7d74,0.1891891891891892
f1fdf2d13186575751aa25876536d85c,0.4523364485981308
f214d28e8d8e3ef068748498ccc2f813,0.185
f22a247b79dd22ecd91dc8e3b2a1b07c,0.0
f25e239052084705e17a982bc600ab2a,0.48109965635738833
f262cbc1c910c83959f849465454ddd3,0.004448398576512456
f27e33c6d29b5138fa9967bcd445b6d5,0.025885558583106268
f326006815956455b2859abd58fe7e39,0.0
f35b3c613c4f7b2275f4185d0a3c59ec,0.1891891891891892
f3862c2188522d89860c38a3ea8b550d,0.4523364485981308
f3975e8a41157005d4bcbb358678cd9b,0.5460526315789473
f3b80352b986ab4d1057a4b724be19d0,0.0
f3c38ab652836d21de61fb8314b69182,0.18235294117647058
f3da5b2ff499efb8d4a6d371d175d7dd,0.004448398576512456
f419677537694f0462a91990df6ca44f,0.2577962577962578
f435898e493ba0356019a0b1cb8b55b1,0.2577962577962578
f44bdc12aa39f5271f0b95f66cd4c289,0.4075342465753425
f45122a9ab94eb4f3f8953578bc0c560,0.004448398576512456
f457c46070d02cadd8a68551231220dd,0.013333333333333334
f46490624488d3ff7ce78613913a7711,0.25
f4a04f7be452aa3bb31760bf00055dd0,0.03571428571428571
f4db9b37944bcb8873e6b456ee190bbf,0.3949843260188088
f5a590cf36251cf1162ea35bef76fe84,0.004448398576512456
f5b44895715ddfe3087dc414f30268f3,0.010101010101010102
f5f1f2c5f923f36ad79ea1d07185ddc9,0.1891891891891892
f6122bc84774df1b372bdb3bb88ddb9f,0.4012875536480687
f61c63d13f7cd800549d5acdd390ae72,0.010101010101010102
f626e15b7314c267e4429010866f70e9,0.4050632911392405
f62d7bb4a613ec758a03342d46b580b2,0.1320754716981132
f67efa3f0b6761102a7f8c6b7b571f5d,0.4012875536480687
f680f85bee2d253556ac91be391d2c82,0.025885558583106268
f682e0f848abafc6f41e0d4e868c66ef,0.4075342465753425
f7496d659ca9fdaf323c0aae84176632,0.24326241134751772
f76a3b1349b6df1ee875d1f3fa4340f0,0.10864393338620143
f7720c4fa8e3aba4546301ab80ea1f1b,0.06976744186046512
f783a638e9c6af4a7d0dbfde811e7a81,0.24326241134751772
f789d2c4f2c2eb38fc4373e7a4b35264,0.10864393338620143
f7ba60f8c3f99e7ee4042fdef03b70c4,0.025885558583106268
f7ccf836d21b2fb1de37564105216cc1,0.0423728813559322
f805b96fa705ba7995a221f1749dc141,0.3949843260188088
f80edd2c5aaa505cc4b0a3b219abf4b8,0.025885558583106268
f84a00e60c73a49e7e851c9bdca3a5bb,0.0423728813559322
f84fa566034f5e8e880a07ec624c56af,0.03317535545023697
f88adb15807168d3c43d71021090ce4a,0.4075342465753425
f8db351d8c4c4c22c6835c19a46f01b0,0.004448398576512456
f90f77ef2799a27f80d90c425ca944f7,0.5734265734265734
f918546be4bec7104d117789ba758b2b,0.10864393338620143
f9244d45189d3a3605499abddeade7d5,0.24326241134751772
f92d8c817434bd2d84d4e9c61322b7fa,0.05263157894736842
f97e2b0650c2068227e1d366140eb62f,0.24326241134751772
f9903dd0f812c7e771fcad47b6fff231,0.24326241134751772
f9d010e39375d9c91dce3f40b73a2f84,0.4012875536480687
fa1a9dec3a9940c072684a46728bf1fc,0.07865168539325842
fa1c13f2614d7b5c4749cbc52fecda94,0.004448398576512456
fa3a0b5aabb344b9a92e3524b0202123,0.24326241134751772
fa40cc5b934574b62717c68f3d678b6d,0.0423728813559322
fac1a9017ade7bdc94058fc1c969f355,0.04285714285714286
fac35d150712afb921ec59ac5f39bb11,0.4012875536480687
fad44952713764836814be105382aee5,0.0
fb89df7f89fd1b8f03fa2acca1ba7364,0.10864393338620143
fbc14c0cf93505ef89f64665ffa4a7b5,0.24326241134751772
fc59392d66ef99377e50356ee4f3b4e1,0.4523364485981308
fc908879b9ca1bd65419e54e50432d38,0.48109965635738833
fcb5ace8bcc92f75707dc0f01a27d269,0.016597510373443983
fcdd820084f17e9982427971e4e9d47f,0.03317535545023697
fce62094ffe6a4009188ec44e681dfdd,0.5460526315789473
fcf16b7a8697e559f0123190bb30177d,0.6666666666666666
fd386aa7bed2af3c7035c65506c9b4a3,0.185
fdaaf5bfda82b7b80535610c831b8d09,0.10864393338620143
fdb9095204a334cd8872252ffec6f2db,0.10864393338620143
fde0cc9ea29c8ccfc0a2c22256a58c71,0.07865168539325842
fe2032dab1a61af8794248c8196565c9,0.004448398576512456
fe49ee029e61e789a1f3a5525f57ba8d,0.10864393338620143
fe701d88b67eaca109dffd464d1be9f9,0.24326241134751772
fe87f472055fbcf1d7e691c00b1560dc,0.0
feb793c88d836c3a75efa4b5a3465d70,0.5460526315789473
febab0275244b9a49a623f0bd613ca2f,0.004448398576512456
fec6275253471ace26d209bbaa64cd0f,0.24326241134751772
fec8cd45395b3cb0c2b173d7739706a1,0.24326241134751772
fedf2c1386e137f296b3bbf3b635e69d,0.48109965635738833
ff063b022a9a0aab91bad2c9088760b7,0.025885558583106268
ff1fb4c404b2efe68b03350a8dc24122,0.10864393338620143
ff4e2d38692ce827b1a4f4b8196e680d,0.2577962577962578
ff69aa92bb6b1bf9b8b7a51c2ed9cf8b,0.07865168539325842
ffa6adafb71b807dc13159e26431354c,0.1891891891891892
ffad1e7127fb622cb64a900751590acd,0.24326241134751772
ffc470761de7d0232558ba5e786e57b7,0.185
ffdd9f82b9a447f6f8d4b91554cc7dd3,0.18235294117647058
ffeee66ac5d5a62fe688b9d26f83f534,0.1891891891891892
fffd5413c0700ac820c7069d66d98c89,0.016597510373443983
